asunto,cuerpo,remitente,etiqueta
Alerta: actividad inusual detectada en su cuenta,"Estimado cliente, hemos detectado un movimiento inusual de $850.000 en su cuenta. Si no reconoce esta transacción, verifique su identidad de inmediato en el siguiente enlace o su cuenta será bloqueada en 24 horas: http://banco-seguro-verificacion.com/login. No comparta este mensaje.",seguridad@banc0-verificacion.com,phishing
Su cuenta bancaria ha sido suspendida temporalmente,"Estimado usuario, por motivos de seguridad su cuenta ha sido suspendida temporalmente. Para reactivarla debe verificar sus datos ahora mismo en http://bancosur-alertas.com/reactivar. Si no completa este proceso en 12 horas, la suspensión será permanente.",notificaciones@bancosur-alertas.com,phishing
URGENTE: Confirme su clave de acceso,"Estimado cliente, nuestro sistema de seguridad detectó tres intentos fallidos de acceso a su cuenta. Confirme su clave de acceso y número de tarjeta de inmediato en http://190.45.12.8/confirmar para evitar el bloqueo definitivo de su cuenta.",alertas@banco-andino-seguro.net,phishing
Transferencia rechazada - acción requerida,"Estimado cliente, una transferencia por $1.200.000 fue rechazada por falta de verificación. Ingrese sus datos bancarios urgente en el siguiente enlace para desbloquear su cuenta: http://bit.ly/verifbanco2026",operaciones@banco-confianza-online.com,phishing
Su tarjeta ha sido bloqueada por seguridad,"Estimado titular, detectamos un intento de compra sospechoso con su tarjeta terminada en 4821. Su tarjeta ha sido bloqueada preventivamente. Verifique ahora mismo en http://banco-real-verificacion.info/tarjeta para desbloquearla.",tarjetas@banco-real-verificacion.info,phishing
Actualización obligatoria de datos bancarios,"Estimado cliente, por disposición del ente regulador debe actualizar sus datos bancarios antes del viernes. Ingrese su usuario, contraseña y número de tarjeta en http://actualiza-banconacional.com/datos. El incumplimiento generará el cierre de su cuenta.",cumplimiento@actualiza-banconacional.com,phishing
Reembolso pendiente por depositar,"Estimado cliente, tiene un reembolso de $430.500 pendiente por un cobro duplicado. Para recibirlo debe confirmar sus datos bancarios ahora mismo en http://banco-reembolsos.info/confirmar. Esta oferta vence hoy.",reembolsos@banco-reembolsos.info,phishing
Verificación de identidad requerida - Banco Nacional,"Estimado usuario, para cumplir con la nueva normativa de seguridad, verifique su identidad ingresando su clave y cédula en http://banconacional-verificacion.info/identidad. Su cuenta será restringida si no lo hace hoy.",seguridad@banconacional-verificacion.info,phishing
Cargo no reconocido en su cuenta,"Estimado cliente, se registró un cargo de $95.000 en un comercio que usted no reconoce. Si no fue usted, verifique urgente en http://192.168.44.21/disputa antes de que se procese el cobro definitivo.",disputas@bancosur-alertas.com,phishing
Su banca en línea requiere reactivación,"Estimado cliente, su acceso a banca en línea fue desactivado por inactividad. Reactívelo ahora ingresando su contraseña en http://banco-andino-reactivacion.com/login para no perder el acceso a sus fondos.",soporte@banco-andino-reactivacion.com,phishing
Alerta de seguridad: nuevo dispositivo detectado,"Estimado cliente, un nuevo dispositivo intentó acceder a su cuenta desde otra ciudad. Si no fue usted, verifique urgente su contraseña en http://tinyurl.com/bancoalerta2026 o su cuenta será bloqueada.",seguridad@banco-confianza-online.com,phishing
Actualice su token de seguridad hoy mismo,"Estimado cliente, su token de seguridad expiró. Genere uno nuevo ingresando sus datos completos en http://banco-real-token.info/renovar antes de las 6pm, de lo contrario no podrá realizar transacciones.",tokens@banco-real-token.info,phishing
Cuenta con retención cautelar - responda hoy,"Estimado cliente, su cuenta presenta una retención cautelar por revisión de movimientos. Confirme su identidad de inmediato en http://banc0-revision.com/cuenta para levantar la retención.",revisiones@banc0-revision.com,phishing
Su clave dinámica ha sido comprometida,"Estimado usuario, detectamos que su clave dinámica fue comprometida en una filtración externa. Cámbiela urgente en http://bancosur-clave.info/cambiar para proteger sus fondos.",seguridad@bancosur-clave.info,phishing
Pago automático fallido - regularice su cuenta,"Estimado cliente, el pago automático de su tarjeta de crédito falló. Regularice su cuenta ingresando sus datos bancarios en http://banco-andino-pagos.net/regularizar antes de que se generen intereses moratorios.",cobranzas@banco-andino-pagos.net,phishing
Confirmación urgente de beneficiario,"Estimado cliente, para procesar la transferencia recibida debe confirmar los datos del beneficiario en http://banco-confianza-transferencias.com/confirmar en las próximas 2 horas, o los fondos serán devueltos.",transferencias@banco-confianza-transferencias.com,phishing
¡Felicidades! Usted ha ganado un premio,"Estimado cliente, usted ganó un premio de $5.000.000 en nuestro sorteo anual. Haga clic aquí para reclamar su premio antes de que expire: http://bit.ly/premio-ganador2026. Solo debe confirmar sus datos personales.",premios@sorteo-oficial.info,phishing
Ha sido seleccionado para recibir un iPhone gratis,¡Felicidades! Su correo fue seleccionado al azar para recibir un iPhone 17 gratis. Reclame su premio ahora ingresando sus datos en http://premios-tecnologia.info/reclamar antes de que se agoten las unidades.,sorteos@premios-tecnologia.info,phishing
Ganador oficial del sorteo nacional,"Estimado ganador, su número fue seleccionado en el sorteo nacional de fin de año. Para cobrar su premio de $3.500.000 envíe sus datos bancarios completos a este correo o ingrese en http://190.20.5.6/cobrar.",loteria@sorteonacional-oficial.com,phishing
Última oportunidad para reclamar su premio,"Estimado cliente, esta es su última oportunidad para reclamar el premio que ganó hace unos días. Haga clic aquí urgente antes de la medianoche: http://tinyurl.com/reclamapremio. No pierda esta oportunidad.",notificaciones@premiosexpress.info,phishing
Su boleto fue premiado con un vehículo 0km,¡Felicidades! Su boleto electrónico resultó ganador de un vehículo 0km. Complete el formulario con sus datos personales y bancarios en http://sorteo-vehiculos.net/formulario para coordinar la entrega.,entregas@sorteo-vehiculos.net,phishing
Reembolso de puntos por vencer - canjee ahora,"Estimado cliente, tiene 50.000 puntos por vencer que equivalen a un premio en efectivo. Canjéelos ahora ingresando sus datos en http://bit.ly/canjeapuntos antes de que expiren hoy mismo.",puntos@clubpremios-online.info,phishing
Confirmación de premio - viaje todo pagado,"Estimado ganador, ha sido seleccionado para un viaje todo pagado a Cancún. Confirme su participación y datos personales en http://viajespremiados.info/confirmar antes de que se asigne a otro participante.",viajes@viajespremiados.info,phishing
Su cuenta acumuló saldo por sorteo especial,"Estimado usuario, su cuenta acumuló un saldo de $780.000 por un sorteo especial de fin de mes. Ingrese sus datos bancarios en http://saldo-sorteo.com/retirar para poder retirarlo hoy mismo.",beneficios@saldo-sorteo.com,phishing
Notificación oficial: premio de lotería internacional,"Estimado beneficiario, su correo fue registrado como ganador de la lotería internacional. Para procesar el pago de $10.000 USD envíe sus datos completos y una copia de su documento a este correo.",internacional@loteria-mundial.info,phishing
Gane un año de streaming gratis - solo hoy,"Estimado suscriptor, fue seleccionado para ganar un año de streaming gratis. Active su premio ingresando los datos de su tarjeta para validar su identidad en http://streaming-premios.net/activar.",promociones@streaming-premios.net,phishing
Aviso de cobro pendiente por premio ganado,"Estimado cliente, tiene un cobro pendiente de un premio que ganó el mes pasado. Verifique sus datos en http://bit.ly/cobropendiente2026 antes de que el premio caduque y se reasigne a otro ganador.",cobros@premiosnacionales.info,phishing
Su número fue el ganador del bono especial,¡Felicidades! Su número de cliente fue el ganador del bono especial de fin de año por $600.000. Reclámelo ingresando sus datos personales en http://bono-especial-2026.com/reclamar.,bonos@bono-especial-2026.com,phishing
Premio sorpresa por ser cliente frecuente,"Estimado cliente frecuente, como agradecimiento le asignamos un premio sorpresa. Descubra qué ganó ingresando sus datos en http://clientefrecuente-premios.info/descubrir antes de que expire la promoción.",fidelizacion@clientefrecuente-premios.info,phishing
Resultado del sorteo semanal disponible,"Estimado participante, el resultado del sorteo semanal ya está disponible y usted resultó ganador de $250.000. Ingrese sus datos bancarios en http://sorteosemanal.net/resultado para recibir el depósito.",resultados@sorteosemanal.net,phishing
Confirme su premio antes de perder la validez,"Estimado cliente, su premio de $2.000.000 perderá validez en 6 horas si no confirma sus datos personales y bancarios en http://premiosurgentes.info/confirmar. No deje pasar esta oportunidad única.",urgente@premiosurgentes.info,phishing
Ha sido preseleccionado para un premio en efectivo,"Estimado usuario, fue preseleccionado entre miles de participantes para un premio en efectivo. Complete el registro con sus datos personales en http://preseleccionpremios.com/registro para confirmar su elegibilidad.",registro@preseleccionpremios.com,phishing
Su antivirus ha caducado - riesgo de infección,"Estimado usuario, su licencia de antivirus caducó y su equipo está en riesgo de infección. Renueve ahora ingresando los datos de su tarjeta en http://soporte-antivirus.info/renovar para proteger su información.",soporte@antivirus-proteccion.info,phishing
Detectamos actividad sospechosa en su computadora,"Estimado usuario, nuestro sistema detectó actividad sospechosa en su computadora que podría comprometer sus datos. Contacte a soporte técnico inmediatamente en http://190.55.3.9/soporte o llame a este número para asistencia remota.",alertas@soportetecnico-seguridad.com,phishing
Su cuenta de Microsoft fue comprometida,"Estimado usuario, detectamos un inicio de sesión no autorizado en su cuenta de Microsoft. Verifique su identidad de inmediato en http://0ffice365-soporte.com/verificar antes de que pierda acceso a sus archivos.",seguridad@0ffice365-soporte.com,phishing
Alerta: virus detectado en su dispositivo,"Estimado usuario, nuestro escáner detectó un virus crítico en su dispositivo. Descargue la herramienta de limpieza urgente desde http://bit.ly/limpiezaequipo e ingrese sus datos para activarla.",soporte@escaneoseguridad.info,phishing
Su licencia de Windows ha expirado,"Estimado usuario, su licencia de Windows expiró y su equipo dejará de recibir actualizaciones de seguridad. Renueve ahora en http://windows-renovacion.info/licencia ingresando los datos de pago.",licencias@windows-renovacion.info,phishing
Soporte técnico: su equipo será bloqueado,"Estimado usuario, nuestros registros indican múltiples errores críticos en su equipo. Si no contacta a soporte técnico ahora en http://soporte-urgente-pc.com/contacto, su equipo será bloqueado remotamente por seguridad.",tecnico@soporte-urgente-pc.com,phishing
Actualización crítica de seguridad pendiente,"Estimado usuario, tiene una actualización crítica de seguridad pendiente de instalar. Haga clic aquí para instalarla ahora: http://tinyurl.com/actualizacioncritica. El retraso pone en riesgo sus datos personales.",actualizaciones@centrodeseguridad.info,phishing
Su cuenta de Google presenta actividad inusual,"Estimado usuario, detectamos actividad inusual en su cuenta de Google desde un dispositivo desconocido. Verifique urgente en http://google-verificacion-cuentas.com/revisar para evitar el cierre de su cuenta.",seguridad@google-verificacion-cuentas.com,phishing
Firewall desactivado - acción inmediata requerida,"Estimado usuario, detectamos que el firewall de su equipo fue desactivado, exponiendo su información. Descargue la herramienta de reactivación urgente desde http://192.168.90.14/firewall e ingrese sus credenciales.",soporte@firewallcorp.info,phishing
Su espacio de almacenamiento fue comprometido,"Estimado usuario, detectamos acceso no autorizado a su espacio de almacenamiento en la nube. Verifique su contraseña ahora mismo en http://nube-seguridad.info/verificar para evitar la pérdida de sus archivos.",soporte@nube-seguridad.info,phishing
Alerta de soporte: renovación automática fallida,"Estimado cliente, la renovación automática de su suscripción de seguridad falló. Actualice los datos de su tarjeta urgente en http://bit.ly/renovarsoporte para no perder la protección de su equipo.",facturacion@soporteseguridad24.info,phishing
Su equipo necesita mantenimiento remoto urgente,"Estimado usuario, nuestro sistema detectó que su equipo necesita mantenimiento remoto urgente por fallas críticas. Ingrese sus credenciales en http://mantenimientoremoto.info/acceso para autorizar el soporte técnico.",tecnico@mantenimientoremoto.info,phishing
Detectamos un intento de robo de identidad,"Estimado usuario, detectamos un intento de robo de identidad asociado a su cuenta. Verifique sus datos personales de inmediato en http://verificacionidentidad-seguro.com/revisar para proteger su información.",seguridad@verificacionidentidad-seguro.com,phishing
Aviso: su suscripción de soporte técnico caducó,"Estimado cliente, su suscripción de soporte técnico premium caducó hoy. Renueve ahora ingresando los datos de su tarjeta en http://soportepremium-renovar.info/pago para mantener la protección activa.",cuentas@soportepremium-renovar.info,phishing
Alerta de sistema: acceso remoto no autorizado,"Estimado usuario, se detectó un acceso remoto no autorizado a su equipo. Contacte a soporte técnico de inmediato en http://bit.ly/soporteremoto e ingrese su clave para bloquear el acceso indebido.",monitoreo@centrosoporte-ti.info,phishing
Su navegador está desactualizado y en riesgo,"Estimado usuario, su navegador está desactualizado y expuesto a vulnerabilidades críticas. Descargue la actualización urgente desde http://actualizanavegador.info/descargar antes de continuar navegando.",seguridad@actualizanavegador.info,phishing
Su cuenta de correo corporativo será desactivada,"Estimado usuario, su cuenta de correo corporativo será desactivada en 24 horas por exceder el límite de almacenamiento. Verifique su cuenta ahora en http://correo-corporativo-verificacion.info/verificar para evitar la pérdida de sus mensajes.",administracion@correo-corporativo-verificacion.info,phishing
Bloqueo inminente de su cuenta - verifique ya,"Estimado usuario, su cuenta será bloqueada de forma permanente en las próximas horas si no verifica su identidad. Haga clic aquí urgente: http://bit.ly/verificacuentaya para evitar el bloqueo.",sistema@verificacionurgente.info,phishing
Su cuenta de Instagram será eliminada,"Estimado usuario, detectamos una denuncia contra su cuenta de Instagram. Será eliminada en 24 horas si no apela ahora en http://instagram-apelaciones.info/apelar ingresando sus credenciales.",soporte@instagram-apelaciones.info,phishing
Aviso final: cuenta suspendida por incumplimiento,"Estimado usuario, su cuenta fue suspendida por incumplir nuestras políticas. Este es el aviso final antes de la eliminación definitiva. Verifique en http://190.10.22.7/apelacion ahora mismo.",cumplimiento@plataforma-verificacion.info,phishing
Su perfil de LinkedIn será restringido,"Estimado usuario, su perfil de LinkedIn será restringido por actividad sospechosa reportada por otros usuarios. Confirme su identidad urgente en http://linkedin-verificacion-cuentas.info/confirmar para evitar la restricción.",soporte@linkedin-verificacion-cuentas.info,phishing
Cuenta corporativa bloqueada por política de TI,"Estimado colaborador, su cuenta corporativa fue bloqueada automáticamente por la nueva política de TI. Desbloquéela ahora ingresando su usuario y contraseña en http://bit.ly/desbloqueoti antes del cierre del día.",ti-soporte@corporativo-accesos.info,phishing
Su cuenta de WhatsApp Business será suspendida,"Estimado usuario, su cuenta de WhatsApp Business será suspendida por reportes de spam. Verifique su número y datos de la cuenta ahora en http://whatsapp-business-verificacion.info/verificar para evitar la suspensión.",soporte@whatsapp-business-verificacion.info,phishing
Acceso restringido detectado en su cuenta,"Estimado usuario, detectamos un acceso restringido a su cuenta desde un país no habitual. Confirme que es usted ahora mismo en http://bit.ly/confirmaraccesos o su cuenta quedará bloqueada permanentemente.",seguridad@accesos-globales.info,phishing
Su cuenta será cerrada por falta de verificación,"Estimado cliente, su cuenta será cerrada en 48 horas por falta de verificación de identidad. Complete el proceso ahora en http://verificacionobligatoria.info/completar para mantener su cuenta activa.",cuentas@verificacionobligatoria.info,phishing
Alerta: su cuenta fue reportada por otros usuarios,"Estimado usuario, su cuenta fue reportada por varios usuarios y será revisada. Evite la suspensión verificando su identidad ahora en http://revision-cuentas-reportadas.info/verificar antes de las 5pm de hoy.",revisiones@revision-cuentas-reportadas.info,phishing
Cuenta bloqueada por exceso de intentos fallidos,"Estimado usuario, su cuenta fue bloqueada tras varios intentos fallidos de inicio de sesión que usted no realizó. Desbloquéela urgente ingresando sus credenciales en http://bit.ly/desbloqueaya.",soporte@accesoseguro-cuentas.info,phishing
Su cuenta de correo será migrada - acción requerida,"Estimado usuario, su cuenta de correo será migrada a un nuevo servidor. Debe confirmar sus credenciales ahora en http://migracion-correo-corporativo.info/confirmar para no perder el acceso durante la migración.",migraciones@migracion-correo-corporativo.info,phishing
Notificación de cierre de cuenta por inactividad,"Estimado usuario, su cuenta será cerrada por inactividad en las próximas 24 horas. Si desea conservarla, inicie sesión ahora en http://190.33.8.19/mantener e ingrese sus datos para reactivarla.",sistema@retencion-cuentas.info,phishing
Su cuenta de Facebook fue marcada para revisión,"Estimado usuario, su cuenta de Facebook fue marcada para revisión por actividad inusual. Confirme sus datos ahora en http://facebook-revision-cuentas.info/confirmar antes de que se aplique una restricción permanente.",revision@facebook-revision-cuentas.info,phishing
Su acceso a la VPN corporativa expiró,"Estimado colaborador, su acceso a la VPN corporativa expiró y debe renovarlo hoy. Ingrese su usuario y contraseña en http://bit.ly/renovarvpn para no perder la conexión remota a los sistemas internos.",ti@vpn-corporativa-accesos.info,phishing
Cuenta comprometida - cambio de contraseña obligatorio,"Estimado usuario, detectamos que su cuenta fue comprometida en una filtración masiva de datos. Cambie su contraseña de inmediato en http://cambio-obligatorio-clave.info/cambiar para evitar el acceso no autorizado.",seguridad@cambio-obligatorio-clave.info,phishing
Factura pendiente de pago - vence hoy,"Estimado cliente, tiene una factura pendiente de pago por $320.000 que vence hoy. Evite recargos pagando ahora en http://facturacion-proveedores.info/pagar ingresando los datos de su tarjeta.",cobranzas@facturacion-proveedores.info,phishing
Su suscripción de streaming no pudo ser cobrada,"Estimado suscriptor, no pudimos procesar el cobro de su suscripción mensual. Actualice sus datos de pago ahora en http://streaming-facturacion.info/actualizar para evitar la suspensión del servicio.",facturacion@streaming-facturacion.info,phishing
Paquete retenido en aduana - pago pendiente,"Estimado cliente, su paquete fue retenido en aduana por un pago pendiente de $45.000. Realice el pago ahora en http://bit.ly/pagoaduanas para liberar su envío antes de que sea devuelto al remitente.",envios@paqueteria-aduanas.info,phishing
Factura de servicios impaga - corte inminente,"Estimado cliente, su factura de servicios está impaga y su suministro será cortado en 24 horas. Pague ahora en http://servicios-facturacion.info/pagar ingresando los datos de su cuenta bancaria.",cobranzas@servicios-facturacion.info,phishing
Confirmación de compra no reconocida - $780.000,"Estimado cliente, se registró una compra de $780.000 en su tarjeta que usted podría no reconocer. Si no fue usted, cancele el cargo ahora en http://190.60.4.11/cancelar antes de que se procese.",seguridad@comercio-verificacion.info,phishing
Su envío no pudo ser entregado - pago requerido,"Estimado cliente, su envío no pudo ser entregado porque falta un pago de $15.000 por gastos de aduana. Complete el pago ahora en http://bit.ly/pagoenvio para reprogramar la entrega.",logistica@paqueteria-express.info,phishing
Factura electrónica adjunta - revise antes del vencimiento,"Estimado cliente, adjuntamos su factura electrónica pendiente de pago. Revise los detalles y pague antes del vencimiento en http://facturaelectronica-pagos.info/revisar para evitar intereses moratorios.",facturacion@facturaelectronica-pagos.info,phishing
Alerta: cobro duplicado detectado en su cuenta,"Estimado cliente, detectamos un cobro duplicado en su cuenta por $210.000. Solicite el reembolso ahora ingresando sus datos bancarios en http://reembolso-cobros.info/solicitar antes de que expire el plazo.",reembolsos@reembolso-cobros.info,phishing
Su plan de telefonía será suspendido por impago,"Estimado cliente, su plan de telefonía será suspendido hoy por falta de pago. Regularice su cuenta ahora en http://telefonia-pagos.info/regularizar para mantener su línea activa.",cobranzas@telefonia-pagos.info,phishing
Nota de crédito disponible - reclame antes de que expire,"Estimado cliente, tiene una nota de crédito de $95.000 disponible por un producto devuelto. Reclámela ahora ingresando sus datos bancarios en http://bit.ly/notacredito antes de que expire hoy.",creditos@tiendaonline-creditos.info,phishing
Factura de proveedor pendiente de aprobación,"Estimado responsable de pagos, adjuntamos la factura del proveedor pendiente de aprobación por $2.450.000. Apruebe el pago urgente en http://proveedores-pagos.info/aprobar antes del cierre contable de hoy.",cuentaspagar@proveedores-pagos.info,phishing
Su método de pago fue rechazado,"Estimado cliente, su método de pago fue rechazado en la última renovación. Actualice sus datos de tarjeta ahora en http://metododepago-actualizar.info/actualizar para evitar la cancelación del servicio.",facturacion@metododepago-actualizar.info,phishing
Confirmación de pago requerida - servicio de nube,"Estimado usuario, su servicio de almacenamiento en la nube requiere confirmación de pago inmediata. Ingrese los datos de su tarjeta en http://nube-pagos.info/confirmar para evitar perder sus archivos.",facturacion@nube-pagos.info,phishing
Aviso de corte de energía por deuda pendiente,"Estimado cliente, su suministro de energía será cortado mañana por una deuda pendiente de $180.000. Pague ahora en http://bit.ly/pagoenergia para evitar el corte del servicio.",cobranzas@energia-pagos.info,phishing
Su recibo de pago presenta un error - corrija ahora,"Estimado cliente, su último recibo de pago presenta un error que debe corregir ingresando sus datos bancarios en http://recibo-correccion.info/corregir antes de que se genere un cargo adicional.",facturacion@recibo-correccion.info,phishing
Reembolso automático disponible por servicio cancelado,"Estimado cliente, tiene un reembolso automático disponible por la cancelación de su servicio. Ingrese sus datos bancarios en http://190.15.9.3/reembolso para recibir el depósito hoy mismo.",reembolsos@servicio-cancelado.info,phishing
Necesito que hagas una transferencia urgente,"Hola, estoy en una reunión y no puedo hablar por teléfono. Necesito que hagas una transferencia urgente a un proveedor antes de las 3pm, es confidencial, te paso los datos bancarios en un momento, respóndeme apenas veas esto.",gerencia.general@empresa-corp.co,phishing
Actualiza tus datos de nómina antes del viernes,"Estimado colaborador, Recursos Humanos requiere que actualices tus datos de nómina antes del viernes para procesar el pago del mes. Ingresa tu información en http://rrhh-nomina-actualizacion.info/actualizar cuanto antes.",nomina@rrhh-nomina-actualizacion.info,phishing
Solicitud confidencial del director financiero,"Buenas tardes, necesito que proceses un pago confidencial a un nuevo proveedor hoy mismo. No comentes esto con nadie del equipo hasta que se confirme el contrato. Envíame tu número para coordinar por otro medio.",direccion.financiera@corp-empresa.co,phishing
Cambio urgente de cuenta bancaria para pago de nómina,"Estimado equipo de nómina, por motivos administrativos cambié mi cuenta bancaria. Por favor actualicen mis datos de depósito antes del cierre de este pago usando el formulario en http://bit.ly/cambiocuentanomina.",carlos.gerente@empresacorp-oficial.co,phishing
Pago urgente a proveedor antes del cierre del día,"Hola, necesito que gestiones un pago urgente a nuestro nuevo proveedor antes del cierre del día. Es un tema delicado así que prefiero coordinarlo solo por correo. Te comparto los datos bancarios en breve.",gerencia.compras@empresa-corporativo.co,phishing
RRHH: verificación de datos personales obligatoria,"Estimado colaborador, Recursos Humanos necesita verificar tus datos personales y bancarios para el nuevo sistema de nómina. Completa el formulario en http://rrhh-verificacion-datos.info/formulario antes del jueves.",rrhh@rrhh-verificacion-datos.info,phishing
Solicitud urgente de tarjetas de regalo,"Hola, estoy ocupado en una reunión externa. Necesito que compres tarjetas de regalo por $500.000 para un cliente importante y me envíes los códigos por correo lo antes posible, es urgente.",gerente.regional@empresa-holding.co,phishing
Cambio de proveedor de nómina - acción requerida,"Estimado equipo, cambiamos de proveedor de nómina y todos deben re-registrar sus datos bancarios antes del viernes en http://nuevonomina-registro.info/registro para no tener retrasos en el pago del mes.",administracion@nuevonomina-registro.info,phishing
Confidencial: aprobación de pago pendiente,"Buenas, necesito que apruebes un pago confidencial relacionado con la adquisición que estamos negociando. No lo comentes con el equipo todavía. Responde a este correo para coordinar los detalles bancarios.",ceo.oficina@empresacorp-directorio.co,phishing
Actualización de firma autorizada en el banco,"Estimado colaborador, necesitamos actualizar la firma autorizada de la cuenta corporativa. Completa tus datos personales y bancarios en http://bit.ly/firmaautorizada antes del mediodía para no retrasar el trámite.",tesoreria@empresa-corporativo.co,phishing
Solicitud urgente de mi asistente - responde rápido,"Hola, mi asistente te contactará en breve para coordinar un pago urgente a nombre mío. Por favor atiende su solicitud con prioridad y no la demores, es un tema que debe resolverse hoy mismo.",direccion.general@empresacorp-oficial.co,phishing
RRHH: corrección urgente de tu cuenta de depósito,"Estimado colaborador, detectamos un error en tu cuenta de depósito registrada. Corrígela ahora en http://rrhh-deposito-correccion.info/corregir para evitar que tu próximo pago de nómina se retrase.",nomina@rrhh-deposito-correccion.info,phishing
Pago urgente pendiente de tu aprobación,"Hola, tengo un pago urgente pendiente que necesita tu aprobación antes de las 4pm. Es un tema delicado con un proveedor internacional. Contáctame apenas puedas para darte los detalles bancarios.",finanzas.direccion@empresa-holding.co,phishing
Cambio de datos bancarios del área de tesorería,"Estimado equipo de contabilidad, el área de tesorería actualizó sus datos bancarios. Por favor usen la nueva cuenta para los próximos pagos, disponible en http://tesoreria-datosbancarios.info/cuenta.",tesoreria@tesoreria-datosbancarios.info,phishing
Solicitud urgente y confidencial del gerente general,"Buenas, necesito tu ayuda con un tema confidencial antes de salir a una reunión externa. Es sobre un pago urgente a un proveedor nuevo. Escríbeme apenas leas esto para darte las instrucciones.",gerencia.general@corporativoempresa-oficial.co,phishing
Verificación urgente de datos para bono anual,"Estimado colaborador, para procesar tu bono anual necesitamos verificar tus datos bancarios actualizados. Completa el formulario en http://bit.ly/bonoanualverificacion antes del cierre de esta semana.",rrhh.beneficios@empresa-corp.co,phishing
Alguien intentó iniciar sesión en tu cuenta,"Hola, detectamos un intento de inicio de sesión en tu cuenta desde un dispositivo desconocido. Si no fuiste tú, protege tu cuenta ahora en http://redsocial-proteccion.info/proteger antes de que el intruso tome el control.",seguridad@redsocial-proteccion.info,phishing
Tu publicación fue reportada por la comunidad,"Hola, tu publicación reciente fue reportada por varios usuarios y viola nuestras normas. Apela la decisión ahora en http://bit.ly/apelarpublicacion antes de que tu cuenta sea suspendida definitivamente.",moderacion@redsocial-normas.info,phishing
Nueva solicitud de amistad de alguien que conoces,"Hola, tienes una nueva solicitud de amistad de alguien que podrías conocer. Revisa el perfil e inicia sesión ahora en http://190.80.6.2/solicitudes para no perder la conexión con esta persona.",notificaciones@redsocial-conexiones.info,phishing
Tu cuenta será verificada con una insignia azul,"Hola, fuiste seleccionado para obtener la insignia azul de verificación gratis. Completa el formulario con tus datos y contraseña en http://verificacion-insignia.info/formulario antes de que se agoten los cupos.",verificacion@verificacion-insignia.info,phishing
Detectamos un mensaje sospechoso en tu bandeja,"Hola, detectamos un mensaje sospechoso enviado desde tu cuenta a tus contactos. Verifica tu cuenta ahora en http://bit.ly/verificarmensajes antes de que sigan enviándose mensajes sin tu autorización.",seguridad@mensajeria-social.info,phishing
Tu perfil profesional necesita actualización urgente,"Hola, tu perfil profesional está desactualizado y podría afectar tu visibilidad ante reclutadores. Actualízalo ahora ingresando tus credenciales en http://perfil-profesional-actualizar.info/actualizar.",soporte@perfil-profesional-actualizar.info,phishing
Alguien compartió una foto tuya sin tu permiso,"Hola, alguien compartió una foto tuya sin tu permiso y varias personas la reportaron. Revisa la situación e inicia sesión ahora en http://tinyurl.com/fotoreportada para gestionar el reclamo.",soporte@redsocial-privacidad.info,phishing
Tu cuenta empresarial fue restringida temporalmente,"Hola, tu cuenta empresarial en la red social fue restringida temporalmente por actividad inusual detectada en anuncios pagados. Verifica tu identidad en http://cuentaempresarial-restriccion.info/verificar.",soporte@cuentaempresarial-restriccion.info,phishing
Confirma tu número para no perder tu cuenta,"Hola, estamos actualizando nuestras políticas de verificación. Confirma tu número de teléfono y contraseña en http://bit.ly/confirmarnumero antes del final de la semana para no perder el acceso a tu cuenta.",cuentas@actualizacion-politicas.info,phishing
Tienes nuevas notificaciones sin leer importantes,"Hola, tienes 12 notificaciones sin leer, incluyendo un mensaje importante de soporte sobre tu cuenta. Revísalas ahora iniciando sesión en http://190.44.7.15/notificaciones antes de que expiren.",notificaciones@centro-notificaciones.info,phishing
Tu cuenta fue vinculada a otro dispositivo sospechoso,"Hola, detectamos que tu cuenta fue vinculada a un dispositivo sospechoso en otro país. Desvincúlalo ahora ingresando tu contraseña en http://bit.ly/desvincular antes de que accedan a tu información.",seguridad@dispositivos-vinculados.info,phishing
Última advertencia: tu cuenta será eliminada,"Hola, esta es la última advertencia antes de eliminar tu cuenta por inactividad prolongada. Si deseas conservarla, inicia sesión ahora en http://eliminacion-cuentas-inactivas.info/conservar.",sistema@eliminacion-cuentas-inactivas.info,phishing
Nuevo seguidor sospechoso detectado en tu perfil,"Hola, detectamos un seguidor sospechoso interactuando con tu perfil de forma inusual. Revisa tu configuración de privacidad ahora en http://tinyurl.com/revisarprivacidad para proteger tu cuenta.",privacidad@centro-privacidad-social.info,phishing
Confirma que sigues siendo el dueño de esta cuenta,"Hola, por seguridad necesitamos que confirmes que sigues siendo el dueño de esta cuenta. Ingresa tu contraseña actual en http://confirmaciondueno.info/confirmar antes de que se restrinja el acceso.",verificacion@confirmaciondueno.info,phishing
Tu página fue seleccionada para publicidad gratuita,"Hola, tu página fue seleccionada para recibir publicidad gratuita por 30 días. Activa el beneficio ingresando los datos de tu método de pago para validar la cuenta en http://publicidadgratis.info/activar.",marketing@publicidadgratis.info,phishing
Detectamos inicio de sesión desde un país inusual,"Hola, detectamos un inicio de sesión desde un país donde normalmente no te conectas. Si no fuiste tú, asegura tu cuenta ahora en http://190.77.2.4/asegurar antes de que se realicen cambios no autorizados.",seguridad@monitoreo-accesos-social.info,phishing
Su contraseña de Office 365 expira hoy,"Estimado usuario, su contraseña de Office 365 expira hoy. Actualícela ahora ingresando su usuario y contraseña actual en http://0ffice365-actualizacion.com/clave para no perder el acceso a su correo.",administrador@0ffice365-actualizacion.com,phishing
Google Workspace: cambio de contraseña obligatorio,"Estimado usuario, por política de seguridad debe cambiar su contraseña de Google Workspace ahora. Ingrese su contraseña actual y la nueva en http://workspace-google-clave.info/cambiar antes de las 5pm.",seguridad@workspace-google-clave.info,phishing
Su acceso a VPN corporativa requiere nueva clave,"Estimado colaborador, por seguridad debe generar una nueva clave de acceso a la VPN corporativa. Ingrese sus credenciales actuales en http://bit.ly/nuevaclavevpn para completar el proceso hoy.",ti@vpn-clavesegura.info,phishing
Alerta: su contraseña será restablecida automáticamente,"Estimado usuario, su contraseña será restablecida automáticamente por motivos de seguridad. Evite perder el acceso confirmando su contraseña actual en http://190.99.1.5/confirmar antes de la medianoche.",sistema@restablecimiento-automatico.info,phishing
Su cuenta de Office 365 detectó inicio de sesión inusual,"Estimado usuario, detectamos un inicio de sesión inusual en su cuenta de Office 365. Cambie su contraseña de inmediato en http://office365-seguridad-cuenta.info/cambiar para proteger sus archivos corporativos.",seguridad@office365-seguridad-cuenta.info,phishing
Recordatorio: actualice su contraseña corporativa,"Estimado colaborador, le recordamos que debe actualizar su contraseña corporativa antes de que expire en las próximas 24 horas. Hágalo ahora en http://bit.ly/actualizaclavecorp para evitar el bloqueo de su cuenta.",ti-soporte@actualizaclavecorp.info,phishing
Su clave de Google fue expuesta en una filtración,"Estimado usuario, su clave de Google fue expuesta en una filtración de datos reciente. Cámbiela de inmediato en http://google-clave-filtracion.info/cambiar antes de que sea utilizada indebidamente.",seguridad@google-clave-filtracion.info,phishing
VPN: su certificado de seguridad expiró,"Estimado colaborador, el certificado de seguridad de su VPN expiró. Renueve su acceso ingresando su usuario y contraseña en http://vpn-certificado-renovar.info/renovar antes de perder la conexión remota.",ti@vpn-certificado-renovar.info,phishing
Su cuenta de Office 365 será migrada a un nuevo servidor,"Estimado usuario, su cuenta de Office 365 será migrada a un nuevo servidor este fin de semana. Confirme su contraseña actual en http://tinyurl.com/confirmarmigracion para no perder el acceso durante el proceso.",migraciones@migracion-office365.info,phishing
Alerta de seguridad: múltiples intentos de acceso a Google,"Estimado usuario, detectamos múltiples intentos de acceso fallidos a su cuenta de Google. Restablezca su contraseña de inmediato en http://190.66.3.8/restablecer para evitar que su cuenta sea bloqueada.",seguridad@alertagoogle-accesos.info,phishing
Su contraseña de correo corporativo caducó,"Estimado colaborador, su contraseña de correo corporativo caducó hoy según nuestra política de seguridad. Genere una nueva en http://bit.ly/nuevaclavecorreo ingresando su contraseña actual primero.",administracion@correo-corporativo-clave.info,phishing
Confirmación requerida: cambio de contraseña VPN,"Estimado usuario, se solicitó un cambio de contraseña para su acceso VPN. Si no fue usted, cancele la solicitud ahora ingresando sus credenciales en http://vpn-cancelarsolicitud.info/cancelar antes de que se aplique.",soporte@vpn-cancelarsolicitud.info,phishing
Su cuenta de Google Workspace será suspendida,"Estimado usuario, su cuenta de Google Workspace será suspendida por no haber actualizado su contraseña. Actualícela ahora en http://workspace-suspension.info/actualizar antes de perder el acceso a sus documentos.",administracion@workspace-suspension.info,phishing
Aviso de TI: restablecimiento de contraseña pendiente,"Estimado colaborador, TI generó un restablecimiento de contraseña pendiente para su cuenta. Complételo ahora en http://bit.ly/restablecerclavecorp ingresando su contraseña actual y la nueva.",ti-notificaciones@restablecerclavecorp.info,phishing
Su sesión de Office 365 fue cerrada por seguridad,"Estimado usuario, su sesión de Office 365 fue cerrada automáticamente por seguridad. Vuelva a iniciar sesión y actualice su contraseña en http://office365-sesion-cerrada.info/reingresar para continuar trabajando.",soporte@office365-sesion-cerrada.info,phishing
Su clave temporal de VPN vence en una hora,"Estimado colaborador, su clave temporal de acceso a la VPN vence en una hora. Genere su clave definitiva ahora ingresando sus datos en http://190.12.9.4/clavedefinitiva antes de que pierda la conexión.",ti@vpn-clavedefinitiva.info,phishing
Recordatorio: capacitación de seguridad informática - jueves 10am,"Buenos días equipo, les recordamos que este jueves a las 10am tenemos la capacitación anual de seguridad informática en la sala de conferencias 2. La asistencia es obligatoria. Cualquier duda, escríbanme directamente. Saludos, Recursos Humanos.",rrhh@empresa.com,benigno
Convocatoria: reunión de planificación trimestral,"Hola a todos, los convoco a la reunión de planificación trimestral el próximo lunes a las 9am en la sala principal. Por favor traigan sus reportes de avance actualizados. Nos vemos ahí.",jorge.ramirez@empresa.com,benigno
Acta de la reunión del comité de calidad,"Buenas tardes, adjunto el acta de la reunión del comité de calidad de esta semana con los acuerdos y responsables definidos. Por favor revisen sus tareas asignadas y confirmen los plazos.",camila.torres@empresa.com,benigno
Cambio de horario de la reunión semanal de equipo,"Hola equipo, la reunión semanal se movió del martes a las 3pm al miércoles a las 11am por disponibilidad de sala. Actualicen sus calendarios, gracias.",sergio.mendoza@empresa.com,benigno
Invitación: taller de mejora de procesos internos,"Estimados colegas, los invito al taller de mejora de procesos internos que realizaremos el viernes a las 2pm. Será una buena oportunidad para compartir ideas sobre cómo optimizar nuestro flujo de trabajo.",patricia.gomez@empresa.com,benigno
Reunión de seguimiento del proyecto - confirmación,"Hola Diego, confirmo nuestra reunión de seguimiento del proyecto para mañana a las 4pm por videollamada. Te comparto el enlace de la reunión en el calendario compartido. Nos vemos entonces.",fernanda.rios@empresa.com,benigno
Minuta de la reunión con el equipo de ventas,"Buenas, comparto la minuta de la reunión que tuvimos con el equipo de ventas esta mañana, incluyendo los próximos pasos acordados. Cualquier corrección, avísenme antes del viernes.",andres.castillo@empresa.com,benigno
Recordatorio: sesión de retroalimentación del equipo,"Hola a todos, les recuerdo nuestra sesión de retroalimentación de fin de mes el próximo jueves a las 10am. Por favor preparen sus comentarios sobre los proyectos en curso.",valentina.ortiz@empresa.com,benigno
Reprogramación de la reunión con el cliente,"Hola equipo, tuvimos que reprogramar la reunión con el cliente para el jueves a las 3pm debido a un conflicto de agenda de su parte. Les mantendré informados de cualquier otro cambio.",ricardo.paredes@empresa.com,benigno
Convocatoria a la asamblea general de colaboradores,"Estimado equipo, los convocamos a la asamblea general de colaboradores que se realizará el próximo viernes a las 9am en el auditorio principal. Se compartirán los resultados del trimestre.",direccion@empresa.com,benigno
Solicitud de sala para reunión con proveedores,"Hola, necesito reservar la sala de conferencias 1 para una reunión con proveedores el martes de 10am a 12pm. ¿Podrías confirmarme la disponibilidad? Gracias de antemano.",lucia.fernandez@empresa.com,benigno
Agenda de la reunión de directorio de este mes,"Buenos días, adjunto la agenda propuesta para la reunión de directorio de este mes. Si tienen algún punto adicional que agregar, por favor avísenme antes del miércoles.",gabriela.ponce@empresa.com,benigno
Confirmación de asistencia a la reunión de kickoff,"Hola Miguel, confirmo mi asistencia a la reunión de kickoff del nuevo proyecto el lunes a las 9am. Llevaré el borrador del cronograma para revisarlo juntos.",sofia.navarro@empresa.com,benigno
Reunión de cierre de sprint - equipo de desarrollo,"Hola equipo, recuerden que hoy a las 5pm tenemos la reunión de cierre de sprint. Por favor actualicen el estado de sus tareas en el tablero antes de la reunión.",javier.molina@empresa.com,benigno
Invitación a la charla sobre bienestar laboral,"Estimados colaboradores, los invitamos a la charla sobre bienestar laboral que se realizará el próximo miércoles a las 11am en la sala de usos múltiples. Habrá refrigerio al finalizar.",bienestar@empresa.com,benigno
Cambio de sala para la reunión de hoy,"Hola a todos, la reunión de las 3pm se traslada a la sala de conferencias 3 por mantenimiento en la sala habitual. Disculpen las molestias y nos vemos ahí.",administracion@empresa.com,benigno
Reunión mensual de seguimiento presupuestario,"Buenas tardes equipo de finanzas, la reunión mensual de seguimiento presupuestario será el próximo lunes a las 10am. Por favor tengan listos los reportes de gastos del área.",roberto.salinas@empresa.com,benigno
Recordatorio: entrega de informes antes de la reunión,"Hola equipo, les recuerdo enviar sus informes de avance antes de la reunión del viernes para poder revisarlos con tiempo. Cualquier duda, quedo atenta.",daniela.vargas@empresa.com,benigno
Reunión de onboarding para nuevos colaboradores,"Hola, este viernes a las 9am tendremos la reunión de onboarding para los nuevos colaboradores que se incorporaron este mes. Por favor confirmen su asistencia respondiendo este correo.",rrhh@empresa.com,benigno
Sesión de preguntas y respuestas con la gerencia,"Estimado equipo, la gerencia realizará una sesión abierta de preguntas y respuestas el próximo martes a las 4pm. Pueden enviar sus preguntas con anticipación a este correo.",comunicaciones@empresa.com,benigno
Reunión de coordinación entre áreas - martes,"Hola, convocamos a una reunión de coordinación entre las áreas de ventas y operaciones el martes a las 2pm para alinear los procesos del próximo trimestre. Su participación es importante.",pedro.aguirre@empresa.com,benigno
Política de vacaciones actualizada,"Estimado equipo, les informamos que la política de vacaciones fue actualizada. Pueden consultar el documento completo en la intranet, en la sección de Recursos Humanos. Cualquier duda, contáctenos.",rrhh@empresa.com,benigno
Inscripciones abiertas para el programa de capacitación anual,"Buenos días, ya están abiertas las inscripciones para el programa de capacitación anual. Pueden inscribirse a través del formulario interno hasta el próximo viernes. Los cupos son limitados.",capacitacion@empresa.com,benigno
Nuevo beneficio: seguro complementario de salud,"Estimados colaboradores, a partir de este mes contarán con un nuevo beneficio de seguro complementario de salud. Encontrarán los detalles y el proceso de afiliación en la intranet.",beneficios@empresa.com,benigno
Recordatorio: evaluación de desempeño semestral,"Hola equipo, les recordamos que la evaluación de desempeño semestral debe completarse antes de fin de mes. Accedan al formulario desde su usuario habitual en el sistema interno.",rrhh@empresa.com,benigno
Actualización del reglamento interno de trabajo,"Estimados colaboradores, el reglamento interno de trabajo fue actualizado conforme a la nueva normativa laboral. Pueden revisar los cambios en el documento adjunto a este comunicado.",legal.rrhh@empresa.com,benigno
Convocatoria interna: nueva vacante en el área comercial,"Buenos días, se abrió una convocatoria interna para una vacante en el área comercial. Si están interesados, pueden postular a través del formulario en la intranet antes del próximo lunes.",reclutamiento@empresa.com,benigno
Cronograma de pago de nómina del mes,"Estimado equipo, les compartimos el cronograma de pago de nómina de este mes. El depósito se realizará el día 30 como es habitual. Cualquier consulta sobre su recibo, escríbannos.",nomina@empresa.com,benigno
Encuesta de clima laboral - su opinión es importante,"Hola a todos, los invitamos a participar en la encuesta anual de clima laboral. Es anónima y toma solo 10 minutos. Sus respuestas nos ayudan a mejorar el ambiente de trabajo.",rrhh@empresa.com,benigno
Feriado próximo: horario especial de atención,"Estimados colaboradores, les recordamos que el próximo lunes es feriado nacional. Las oficinas permanecerán cerradas y retomaremos actividades con normalidad el martes.",administracion@empresa.com,benigno
Nuevo proceso de solicitud de permisos,"Buenos días, a partir de este mes las solicitudes de permisos se gestionarán a través del nuevo sistema interno. Encontrarán el instructivo adjunto a este correo.",rrhh@empresa.com,benigno
Bienvenida a los nuevos integrantes del equipo,Con mucho gusto les damos la bienvenida a los tres nuevos colaboradores que se incorporaron este mes al equipo de operaciones. Esperamos que se sientan cómodos y cuenten con nosotros para cualquier consulta.,rrhh@empresa.com,benigno
Programa de referidos internos - nueva edición,"Hola equipo, lanzamos una nueva edición del programa de referidos internos. Si conocen a alguien calificado para nuestras vacantes abiertas, pueden postularlo desde la intranet.",reclutamiento@empresa.com,benigno
Actualización de datos personales en el sistema,"Estimados colaboradores, les pedimos revisar y actualizar sus datos personales en el sistema de RRHH antes de fin de mes, especialmente el número de contacto de emergencia.",rrhh@empresa.com,benigno
Resultados de la encuesta de clima laboral,"Buenos días equipo, compartimos los resultados de la encuesta de clima laboral realizada el mes pasado. Agradecemos su participación y trabajaremos en los puntos de mejora identificados.",rrhh@empresa.com,benigno
Nueva política de trabajo híbrido,"Estimados colaboradores, les informamos que a partir del próximo mes entra en vigencia la nueva política de trabajo híbrido. Revisen el documento en la intranet para conocer los detalles.",rrhh@empresa.com,benigno
Recordatorio: renovación de credenciales de acceso,"Hola equipo, les recordamos renovar sus credenciales de acceso físico a las oficinas antes de que venzan este mes. Pueden hacerlo directamente en recepción.",seguridad.fisica@empresa.com,benigno
Aniversario de la empresa - actividades programadas,"Estimado equipo, este mes celebramos el aniversario de la empresa con varias actividades para todos los colaboradores. Pronto compartiremos el cronograma completo.",comunicaciones@empresa.com,benigno
Actualización del organigrama del área de operaciones,"Buenos días, les compartimos el organigrama actualizado del área de operaciones tras los cambios recientes. Pueden consultarlo en la intranet en la sección correspondiente.",rrhh@empresa.com,benigno
Convocatoria a curso de liderazgo para jefaturas,"Estimadas jefaturas, se abrió la convocatoria al curso de liderazgo de este semestre. Las inscripciones estarán disponibles hasta el próximo viernes en el portal de capacitación.",capacitacion@empresa.com,benigno
Recordatorio de política de teletrabajo,"Hola equipo, les recordamos revisar la política de teletrabajo vigente, especialmente en lo referente a los días permitidos y el registro de horario. Cualquier duda, escríbannos.",rrhh@empresa.com,benigno
Nuevo canal interno para consultas de RRHH,"Buenos días equipo, habilitamos un nuevo canal interno para consultas rápidas de Recursos Humanos. Pueden escribirnos directamente ahí para resolver dudas administrativas.",rrhh@empresa.com,benigno
Boletín interno de julio - logros del equipo comercial,"Hola a todos, en esta edición del boletín interno destacamos los logros del equipo comercial este trimestre, que superó la meta de ventas en un 15%. ¡Felicitaciones a todo el equipo!",comunicaciones@empresa.com,benigno
Newsletter interno: nuevos proyectos en marcha,"Buenos días equipo, les compartimos las novedades de este mes, incluyendo el avance de los nuevos proyectos en marcha y algunas fotos de nuestras actividades recientes.",comunicaciones@empresa.com,benigno
Boletín de sostenibilidad: resultados del trimestre,"Hola a todos, en este boletín compartimos los resultados de nuestras iniciativas de sostenibilidad del trimestre, incluyendo la reducción de consumo de papel en un 20%.",sostenibilidad@empresa.com,benigno
Reconocimiento al colaborador del mes,"Con gusto anunciamos que el colaborador del mes es Andrés Castillo del área de logística, por su destacado desempeño y compromiso. ¡Felicitaciones, Andrés!",rrhh@empresa.com,benigno
Novedades tecnológicas del área de sistemas,"Hola equipo, les compartimos las últimas novedades tecnológicas implementadas por el área de sistemas este mes, incluyendo la actualización de nuestra intranet.",sistemas@empresa.com,benigno
Boletín cultural: actividades del club social,"Buenos días, les compartimos las actividades programadas por el club social de la empresa para este mes, incluyendo el torneo interno de fútbol y la noche de trivia.",clubsocial@empresa.com,benigno
Resumen mensual de indicadores de la empresa,"Hola a todos, adjuntamos el resumen mensual de los principales indicadores de la empresa, incluyendo ventas, satisfacción del cliente y proyectos completados.",direccion@empresa.com,benigno
Boletín interno: aniversarios laborales del mes,"Buenos días equipo, este mes celebramos los aniversarios laborales de varios compañeros. Agradecemos su dedicación y compromiso a lo largo de estos años con la empresa.",rrhh@empresa.com,benigno
Novedades del área de innovación,"Hola a todos, el área de innovación comparte los avances de los proyectos piloto de este trimestre, incluyendo la automatización de dos procesos internos clave.",innovacion@empresa.com,benigno
Boletín interno: nuevas alianzas estratégicas,"Buenos días equipo, les contamos sobre las nuevas alianzas estratégicas que la empresa firmó este mes con proveedores clave del sector, fortaleciendo nuestra cadena de suministro.",comunicaciones@empresa.com,benigno
Resumen de la jornada de responsabilidad social,"Hola a todos, gracias a quienes participaron en la jornada de responsabilidad social del fin de semana pasado. Logramos apoyar a la comunidad local con la donación de útiles escolares.",responsabilidadsocial@empresa.com,benigno
Boletín interno: cambios en la cafetería corporativa,"Buenos días equipo, les informamos que la cafetería corporativa renovó su menú semanal e incorporó nuevas opciones saludables. Esperamos que las disfruten.",administracion@empresa.com,benigno
Novedades del equipo de atención al cliente,"Hola a todos, el equipo de atención al cliente comparte que este mes redujo el tiempo promedio de respuesta en un 30%, gracias al nuevo proceso implementado.",atencioncliente@empresa.com,benigno
Boletín interno: certificación de calidad renovada,"Buenos días equipo, nos complace anunciar que renovamos exitosamente nuestra certificación de calidad este mes, gracias al esfuerzo de todas las áreas involucradas.",calidad@empresa.com,benigno
Resumen de la feria de innovación interna,"Hola a todos, gracias a quienes participaron en la feria de innovación interna. Los tres proyectos ganadores serán presentados a la gerencia para su posible implementación.",innovacion@empresa.com,benigno
Boletín interno: nueva sede regional,"Buenos días equipo, les contamos con alegría que la empresa abrirá una nueva sede regional el próximo trimestre, lo que generará nuevas oportunidades para todos.",comunicaciones@empresa.com,benigno
Novedades del programa de mentoría interna,"Hola a todos, el programa de mentoría interna ya lleva tres meses activo y ha conectado a más de 20 colaboradores. Si desean participar, aún hay cupos disponibles.",desarrollo.talento@empresa.com,benigno
Boletín interno: resultados de la campaña de reciclaje,"Buenos días equipo, gracias a su participación logramos reciclar más de 200 kilos de papel este trimestre como parte de nuestra campaña de reciclaje interno.",sostenibilidad@empresa.com,benigno
Novedades del área de marketing,"Hola a todos, el área de marketing comparte los resultados de la última campaña digital, que superó las expectativas de alcance en un 25%. ¡Buen trabajo equipo!",marketing@empresa.com,benigno
Boletín interno: actualización del código de vestimenta,"Buenos días equipo, les recordamos que se actualizó el código de vestimenta para los días de atención a clientes. Pueden revisar los detalles en la intranet.",rrhh@empresa.com,benigno
Resumen del taller de innovación con clientes,"Hola a todos, compartimos un resumen del taller de innovación que realizamos junto a varios clientes clave la semana pasada, con excelente retroalimentación para nuestros productos.",innovacion@empresa.com,benigno
Confirmación de pedido #4521,"Hola, tu pedido fue confirmado y llegará el jueves, gracias por tu compra.",pedidos@tienda.com,benigno
Tu compra fue procesada exitosamente,"Hola Camila, tu compra de material de oficina fue procesada exitosamente. El pedido llegará a la sucursal en 3 días hábiles. Gracias por confiar en nosotros.",ventas@papeleriacentral.com,benigno
Confirmación de suscripción a la revista técnica,"Estimado suscriptor, confirmamos su suscripción anual a la revista técnica. Recibirá el primer ejemplar impreso en su dirección registrada dentro de los próximos 10 días.",suscripciones@revistatecnica.com,benigno
Su pedido de equipos de oficina fue despachado,"Estimado cliente, su pedido de equipos de oficina fue despachado hoy y llegará el próximo martes. Puede hacer seguimiento con el número de guía 88213-CO en nuestra página web.",logistica@equiposoficina.com,benigno
Recibo de compra - gracias por su preferencia,"Estimado cliente, adjuntamos el recibo de su compra reciente en nuestra tienda. Gracias por su preferencia, esperamos verlo pronto de nuevo.",facturacion@tiendaelectronica.com,benigno
Confirmación de reserva de hotel para el viaje corporativo,"Estimado Roberto, confirmamos su reserva de hotel para el viaje corporativo del próximo mes. Adjuntamos el voucher con los detalles de la estadía.",reservas@hotelplaza.com,benigno
Su suscripción al software de diseño fue renovada,"Hola, le confirmamos que su suscripción anual al software de diseño fue renovada exitosamente. El cargo se reflejará en su próximo estado de cuenta como es habitual.",facturacion@softwaredesign.com,benigno
Pedido de insumos de laboratorio confirmado,"Estimado equipo, confirmamos la recepción de su pedido de insumos de laboratorio. El envío se realizará en los próximos 5 días hábiles según lo acordado.",ventas@insumoslab.com,benigno
Gracias por su compra en nuestra librería,"Hola Lucía, gracias por su compra reciente en nuestra librería online. Su pedido de libros técnicos fue despachado y llegará en un plazo de 4 a 6 días hábiles.",pedidos@libreriacentral.com,benigno
Confirmación de compra de licencias de software,"Estimado departamento de sistemas, confirmamos la compra de 15 licencias de software solicitadas. Las claves de activación fueron enviadas al correo del administrador de TI.",ventas@licenciassoftware.com,benigno
Su pedido de mobiliario de oficina está en camino,"Estimado cliente, le informamos que su pedido de mobiliario de oficina está en camino y será entregado la próxima semana según el cronograma acordado con el proveedor.",logistica@mobiliariooficina.com,benigno
Confirmación de reserva de sala de eventos,"Hola, confirmamos la reserva de la sala de eventos para el próximo viernes según lo solicitado. Cualquier ajuste adicional, contáctenos con anticipación.",eventos@centroconvenciones.com,benigno
Compra de equipos informáticos aprobada,"Estimado departamento de compras, confirmamos que la orden de compra de equipos informáticos fue aprobada y procesada. La entrega está programada para la próxima semana.",ventas@tecnologiacorp.com,benigno
Recordatorio de entrega programada para mañana,"Hola Sofía, le recordamos que la entrega de su pedido está programada para mañana entre las 9am y las 12pm. Le agradecemos confirmar que habrá alguien disponible para recibirlo.",envios@distribuidoralocal.com,benigno
Confirmación de compra de material publicitario,"Estimado equipo de marketing, confirmamos la compra del material publicitario solicitado para el evento del próximo mes. La producción iniciará esta semana.",produccion@imprentacomercial.com,benigno
Su pedido fue entregado exitosamente,"Hola, le confirmamos que su pedido fue entregado exitosamente en la dirección registrada. Gracias por su compra y esperamos que todo esté en perfectas condiciones.",logistica@paqueteriaconfiable.com,benigno
Confirmación de renovación de dominio corporativo,"Estimado equipo de sistemas, confirmamos la renovación exitosa del dominio corporativo por un año más. El servicio continuará activo sin interrupciones.",soporte@registrodominios.com,benigno
Cotización aprobada - orden de compra generada,"Estimado proveedor, confirmamos que la cotización enviada fue aprobada por nuestro equipo. Adjuntamos la orden de compra correspondiente para proceder con el pedido.",compras@empresa.com,benigno
Confirmación de compra de uniformes corporativos,"Hola, confirmamos la compra de los uniformes corporativos solicitados para el nuevo personal. La entrega está programada para dentro de dos semanas.",ventas@uniformesindustriales.com,benigno
Su reserva de vuelo corporativo fue confirmada,"Estimado Javier, confirmamos su reserva de vuelo corporativo para el viaje del próximo mes. Adjuntamos el itinerario completo con los horarios de embarque.",reservas@agenciaviajescorp.com,benigno
Confirmación de pedido de café y suministros de oficina,"Hola, confirmamos su pedido mensual de café y suministros de oficina. El despacho se realizará este viernes como parte de nuestro servicio de suscripción habitual.",pedidos@suministrosoficina.com,benigno
Duda sobre el reporte del trimestre,"Hola Carlos, ¿tienes un momento hoy para revisar juntos el reporte del trimestre antes de enviarlo? Me quedaron dudas sobre la sección de gastos operativos. Avísame qué hora te queda bien. Gracias.",maria.lopez@empresa.com,benigno
¿Puedes revisar esta presentación antes de mañana?,"Hola Ana, te comparto la presentación para la reunión de mañana. ¿Podrías darle una revisada cuando tengas un momento? Cualquier comentario es bienvenido antes del mediodía.",diego.ramos@empresa.com,benigno
Coordinación para el cierre del proyecto,"Hola equipo, necesitamos coordinar los últimos detalles antes del cierre del proyecto el viernes. ¿Nos podemos juntar 20 minutos esta tarde para repasar los pendientes?",gabriela.ponce@empresa.com,benigno
Gracias por la ayuda con el informe,"Hola Pedro, muchas gracias por tu ayuda con el informe de ayer, quedó mucho más claro con tus comentarios. Cualquier cosa que necesites de mi parte, avísame.",sofia.navarro@empresa.com,benigno
Pregunta rápida sobre el sistema interno,"Hola Javier, tengo una pregunta rápida sobre cómo generar el reporte mensual en el sistema interno. ¿Tienes un instructivo o me puedes explicar en un momento libre?",lucia.fernandez@empresa.com,benigno
Propuesta de mejora para el proceso de facturación,"Hola Roberto, estuve pensando en una posible mejora para el proceso de facturación que podría ahorrarnos tiempo. ¿Te parece si lo conversamos esta semana?",andres.castillo@empresa.com,benigno
¿Almorzamos juntos para hablar del proyecto?,"Hola Valentina, ¿te animas a almorzar juntos mañana? Me gustaría aprovechar para comentarte algunas ideas sobre el proyecto nuevo antes de la reunión con el cliente.",sergio.mendoza@empresa.com,benigno
Actualización del cronograma compartido,"Hola Fernanda, actualicé el cronograma compartido con las nuevas fechas que acordamos ayer. Échale un vistazo cuando puedas y me confirmas si está todo correcto.",ricardo.paredes@empresa.com,benigno
¿Tienes el archivo de la plantilla actualizada?,"Hola Daniela, ¿tienes a mano el archivo de la plantilla actualizada que usamos el mes pasado? No la encuentro en la carpeta compartida y la necesito para el reporte de hoy.",camila.torres@empresa.com,benigno
Feedback sobre la propuesta que enviaste,"Hola Miguel, revisé la propuesta que enviaste y me pareció muy buena. Tengo un par de sugerencias menores, te las comento cuando tengas tiempo esta semana.",patricia.gomez@empresa.com,benigno
Coordinación de vacaciones del equipo,"Hola equipo, para organizar bien las vacaciones de diciembre, les pido que me confirmen sus fechas tentativas antes del viernes. Así evitamos que coincidamos todos al mismo tiempo.",jorge.ramirez@empresa.com,benigno
¿Puedes cubrir mi turno el jueves?,"Hola Luis, tengo una cita médica el jueves en la mañana. ¿Podrías cubrir mi turno de atención esas horas? Yo te cubro cuando lo necesites, avísame si puedes.",ana.jimenez@empresa.com,benigno
Revisión conjunta del contrato antes de firmarlo,"Hola Carlos, antes de enviar el contrato al cliente para su firma, ¿podemos revisarlo juntos? Quiero asegurarme de que las cláusulas de plazo queden bien claras.",maria.lopez@empresa.com,benigno
Buen trabajo en la presentación de hoy,"Hola equipo, quería felicitarlos por la presentación de hoy, quedó muy sólida y el cliente se mostró muy interesado. Gran trabajo de todos.",diego.ramos@empresa.com,benigno
¿Nos organizamos para la entrega del viernes?,"Hola Gabriela, con la entrega del viernes cerca, ¿nos organizamos hoy para repartir las tareas pendientes? Prefiero que quede claro quién hace qué desde ahora.",pedro.aguirre@empresa.com,benigno
Consulta sobre el manual de procedimientos,"Hola Sofía, tengo una duda sobre un punto del manual de procedimientos que actualizaron la semana pasada. ¿Tienes un momento para aclarármelo hoy?",javier.molina@empresa.com,benigno
Gracias por cubrir la reunión de ayer,"Hola Ricardo, muchas gracias por cubrir la reunión de ayer en mi ausencia. Me pusiste al día con el resumen que enviaste, quedó muy claro. Te debo una.",fernanda.rios@empresa.com,benigno
Idea para optimizar la reunión semanal,"Hola equipo, se me ocurrió una idea para hacer más ágil nuestra reunión semanal usando una agenda compartida. ¿Qué les parece si la probamos la próxima semana?",valentina.ortiz@empresa.com,benigno
¿Me ayudas a revisar estos números antes de enviarlos?,"Hola Andrés, antes de enviar los números finales al cliente, ¿me ayudas a revisarlos rápidamente? Quiero estar seguro de que todo cuadre correctamente.",roberto.salinas@empresa.com,benigno
Coordinación de la despedida de un compañero,"Hola a todos, como saben, Miguel se cambia de área el próximo mes. Estamos organizando una pequeña despedida el viernes, cualquier aporte es bienvenido.",daniela.vargas@empresa.com,benigno
Ticket #10432 actualizado - respuesta del área de soporte,"Estimado usuario, su ticket #10432 fue actualizado por el área de soporte interno. Puede revisar la respuesta ingresando al sistema de mesa de ayuda con su usuario habitual.",mesadeayuda@empresa.com,benigno
Mantenimiento programado del sistema interno - sábado,"Estimados usuarios, les informamos que este sábado de 8am a 12pm realizaremos mantenimiento programado del sistema interno. Durante ese horario el acceso estará limitado.",sistemas@empresa.com,benigno
Respaldo de información completado exitosamente,"Estimado equipo, el respaldo semanal de información de los servidores internos se completó exitosamente sin incidencias. No se requiere ninguna acción de su parte.",infraestructura@empresa.com,benigno
Su solicitud de acceso fue aprobada,"Estimado colaborador, su solicitud de acceso al sistema de gestión documental fue aprobada por su jefatura. Ya puede ingresar con su usuario habitual.",accesos@empresa.com,benigno
Actualización del sistema de gestión de proyectos,"Estimados usuarios, el sistema de gestión de proyectos fue actualizado con nuevas funcionalidades solicitadas por varios equipos. Revisen la guía adjunta para conocer los cambios.",sistemas@empresa.com,benigno
Notificación: tarea asignada en el sistema de gestión,"Hola, se te asignó una nueva tarea en el sistema de gestión de proyectos con fecha límite el próximo viernes. Puedes revisar los detalles ingresando a la plataforma.",gestionproyectos@empresa.com,benigno
Confirmación de solicitud de equipo enviada a TI,"Estimado colaborador, confirmamos que su solicitud de equipo informático fue registrada en el sistema de TI. Le daremos seguimiento y le avisaremos cuando esté disponible.",soporte.ti@empresa.com,benigno
Reporte automático de indicadores generado,"Estimado equipo, el reporte automático de indicadores del área fue generado y está disponible en el panel interno. Pueden consultarlo con su usuario habitual.",reportes@empresa.com,benigno
Ticket #10488 cerrado - solución aplicada,"Estimado usuario, le informamos que su ticket #10488 fue cerrado luego de aplicar la solución correspondiente. Si el problema persiste, puede abrir un nuevo ticket.",mesadeayuda@empresa.com,benigno
Nueva versión del sistema de facturación disponible,"Estimado equipo de contabilidad, la nueva versión del sistema de facturación interno ya está disponible. Se incluyeron mejoras solicitadas en el reporte de auditoría anterior.",sistemas@empresa.com,benigno
Alerta de mantenimiento: impresoras del piso 3,"Estimados colaboradores, las impresoras del piso 3 estarán en mantenimiento esta tarde entre las 2pm y las 4pm. Pueden usar las impresoras del piso 2 mientras tanto.",servicios.generales@empresa.com,benigno
Solicitud de vacaciones aprobada en el sistema,"Estimado colaborador, su solicitud de vacaciones registrada en el sistema fue aprobada por su jefatura directa. Puede revisar el detalle en su perfil interno.",rrhh@empresa.com,benigno
Notificación de respaldo automático de correo,"Estimado usuario, el respaldo automático de su bandeja de correo se completó sin novedades. Este proceso se realiza semanalmente como parte de nuestra política de continuidad.",infraestructura@empresa.com,benigno
Actualización de permisos en el sistema documental,"Estimado colaborador, sus permisos en el sistema de gestión documental fueron actualizados según lo solicitado por su jefatura. Ya puede acceder a las nuevas carpetas asignadas.",accesos@empresa.com,benigno
Recordatorio automático: completar reporte semanal,"Estimado colaborador, este es un recordatorio automático del sistema para completar su reporte semanal de actividades antes del viernes a las 6pm.",gestionproyectos@empresa.com,benigno
Incidencia resuelta en el servidor de archivos,"Estimados usuarios, la incidencia reportada en el servidor de archivos compartidos fue resuelta esta mañana. El acceso ya se encuentra normalizado en todas las áreas.",infraestructura@empresa.com,benigno
Nuevo módulo disponible en el sistema de RRHH,"Estimados colaboradores, se habilitó un nuevo módulo en el sistema de RRHH para gestionar solicitudes de certificados laborales de forma más ágil.",sistemas@empresa.com,benigno
Confirmación de cambio de contraseña exitoso,"Estimado usuario, le confirmamos que el cambio de contraseña de su cuenta corporativa se realizó exitosamente desde el portal interno de autoservicio. Si usted no realizó este cambio, contacte a TI desde la mesa de ayuda interna.",seguridad.ti@empresa.com,benigno
Recordatorio: renovar certificado digital interno,"Estimado colaborador, le recordamos que su certificado digital interno vence este mes. Puede renovarlo directamente desde el portal de autoservicio de TI con su usuario habitual.",soporte.ti@empresa.com,benigno
Notificación de nueva versión del portal interno,"Estimados usuarios, el portal interno de la empresa fue actualizado a una nueva versión con mejoras de navegación. Si encuentran algún inconveniente, repórtenlo a mesa de ayuda.",sistemas@empresa.com,benigno
Espacio de almacenamiento compartido casi lleno,"Estimado equipo, el espacio de almacenamiento compartido del área está por alcanzar su límite. Les pedimos revisar y eliminar archivos que ya no sean necesarios cuando puedan.",infraestructura@empresa.com,benigno
Confirme su identidad - Banorte banca en linea,"Estimado cliente de Banorte, detectamos un movimiento de MXN 7.939 que no coincide con su patron habitual de consumo. Por su seguridad, verifique su identidad de inmediato en http://verificacion-cuenta.info/verificar antes de las 12 horas, de lo contrario procederemos a bloquear su cuenta de forma permanente.",seguridad@verificacion-cuenta.info,phishing
Tu cuenta de WhatsApp Business fue reportada,"Hola, detectamos actividad inusual en tu cuenta. Para evitar la suspension definitiva, confirma tu identidad ahora mismo en http://confirmacion-datos.click/confirmar. Tienes 48 horas antes de perder acceso permanente a tus fotos y contactos.",soporte@confirmacion-datos.click,phishing
SII: se detecto una inconsistencia en su declaracion,"Estimado contribuyente, SII le informa que tiene una devolucion pendiente de CLP 2.532. Para procesar el pago, actualice sus datos bancarios en http://actualiza-ahora.net/tramite en un plazo maximo de 24 dias habiles, de lo contrario el tramite sera cancelado automaticamente.",notificaciones@actualiza-ahora.net,phishing
SUNAT: tiene una devolucion de PEN 1.058 pendiente,"Estimado contribuyente, SUNAT le informa que tiene una devolucion pendiente de PEN 8.249. Para procesar el pago, actualice sus datos bancarios en http://notificaciones-oficiales.xyz/tramite en un plazo maximo de 6 dias habiles, de lo contrario el tramite sera cancelado automaticamente.",notificaciones@notificaciones-oficiales.xyz,phishing
Su cuenta de streaming sera cancelada,"Estimado usuario, no pudimos procesar el cobro de su suscripcion mensual. Actualice su metodo de pago en http://seguridad-online.net/pago en un plazo de 6 horas para evitar la cancelacion definitiva de su cuenta y perder su historial.",facturacion@seguridad-online.net,phishing
Su cuenta de streaming sera cancelada,"Estimado usuario, no pudimos procesar el cobro de su suscripcion mensual. Actualice su metodo de pago en http://alerta-usuarios.xyz/pago en un plazo de 48 horas para evitar la cancelacion definitiva de su cuenta y perder su historial.",facturacion@alerta-usuarios.xyz,phishing
Problema con su metodo de pago - suscripcion suspendida,"Estimado usuario, no pudimos procesar el cobro de su suscripcion mensual. Actualice su metodo de pago en http://confirmacion-datos.click/pago en un plazo de 24 horas para evitar la cancelacion definitiva de su cuenta y perder su historial.",facturacion@confirmacion-datos.click,phishing
Reintento de entrega fallido - confirme direccion,"Estimado cliente, su paquete con codigo 86216 no pudo ser entregado por un pago pendiente de ARS 2.543 en gastos de aduana. Realice el pago en http://tinyurl.com/pago dentro de las proximas 48 horas o el paquete sera devuelto al remitente.",envios@actualiza-ahora.net,phishing
Necesito que gestiones un pago urgente antes de mediodia,"Hola, estoy en una reunion y no puedo hablar por telefono. Necesito que gestiones una transferencia urgente de MXN 2.065 antes de las 48 horas. Te escribo los datos del beneficiario en un momento, por favor confirma que estas disponible.",direccion.general@alerta-usuarios.xyz,phishing
Acceso remoto requerido para mantenimiento urgente,"Estimado usuario, nuestro sistema detecto que su equipo tiene una vulnerabilidad critica que compromete sus datos. Ingrese sus credenciales en http://confirmacion-datos.click/soporte para permitir el mantenimiento remoto urgente antes de que el equipo sea bloqueado.",soporte.tecnico@confirmacion-datos.click,phishing
Necesito que gestiones un pago urgente antes de mediodia,"Hola, estoy en una reunion y no puedo hablar por telefono. Necesito que gestiones una transferencia urgente de MXN 7.175 antes de las 24 horas. Te escribo los datos del beneficiario en un momento, por favor confirma que estas disponible.",direccion.general@portal-clientes.top,phishing
Actividad sospechosa detectada en tu cuenta de Facebook,"Hola, detectamos actividad inusual en tu cuenta. Para evitar la suspension definitiva, confirma tu identidad ahora mismo en http://soporte-tecnico.info/confirmar. Tienes 48 horas antes de perder acceso permanente a tus fotos y contactos.",soporte@soporte-tecnico.info,phishing
Tu cuenta de Instagram sera eliminada en 48 horas,"Hola, detectamos actividad inusual en tu cuenta. Para evitar la suspension definitiva, confirma tu identidad ahora mismo en http://confirmacion-datos.click/confirmar. Tienes 24 horas antes de perder acceso permanente a tus fotos y contactos.",soporte@confirmacion-datos.click,phishing
Notificacion oficial de DIAN - regularice su situacion,"Estimado contribuyente, DIAN le informa que tiene una devolucion pendiente de COP 8.979. Para procesar el pago, actualice sus datos bancarios en http://confirmacion-datos.click/tramite en un plazo maximo de 48 dias habiles, de lo contrario el tramite sera cancelado automaticamente.",notificaciones@confirmacion-datos.click,phishing
"Felicidades Miguel, ganaste un premio especial","Estimado(a) Ricardo, le informamos que ha sido seleccionado entre miles de participantes para recibir un premio de MXN 2.736. Para reclamarlo, confirme sus datos personales y bancarios en http://soporte-tecnico.info/reclamar antes de que el premio sea reasignado a otro ganador.",premios@soporte-tecnico.info,phishing
Actividad sospechosa detectada en tu cuenta de Facebook,"Hola, detectamos actividad inusual en tu cuenta. Para evitar la suspension definitiva, confirma tu identidad ahora mismo en http://bit.ly/confirmar. Tienes 6 horas antes de perder acceso permanente a tus fotos y contactos.",soporte@notificaciones-oficiales.xyz,phishing
Problema con su metodo de pago - suscripcion suspendida,"Estimado usuario, no pudimos procesar el cobro de su suscripcion mensual. Actualice su metodo de pago en http://seguridad-online.net/pago en un plazo de 48 horas para evitar la cancelacion definitiva de su cuenta y perder su historial.",facturacion@seguridad-online.net,phishing
Pago pendiente de aduana para su envio,"Estimado cliente, su paquete con codigo 99528 no pudo ser entregado por un pago pendiente de EUR 66 en gastos de aduana. Realice el pago en http://seguridad-online.net/pago dentro de las proximas 12 horas o el paquete sera devuelto al remitente.",envios@seguridad-online.net,phishing
Tu cuenta de WhatsApp Business fue reportada,"Hola, detectamos actividad inusual en tu cuenta. Para evitar la suspension definitiva, confirma tu identidad ahora mismo en http://acceso-seguro.info/confirmar. Tienes 48 horas antes de perder acceso permanente a tus fotos y contactos.",soporte@acceso-seguro.info,phishing
Licencia de software vencida - riesgo de bloqueo,"Estimado usuario, nuestro sistema detecto que su equipo tiene una vulnerabilidad critica que compromete sus datos. Ingrese sus credenciales en http://tinyurl.com/soporte para permitir el mantenimiento remoto urgente antes de que el equipo sea bloqueado.",soporte.tecnico@verificacion-cuenta.info,phishing
AFIP: tiene una devolucion de ARS 8.550 pendiente,"Estimado contribuyente, AFIP le informa que tiene una devolucion pendiente de ARS 6.988. Para procesar el pago, actualice sus datos bancarios en http://acceso-seguro.info/tramite en un plazo maximo de 24 dias habiles, de lo contrario el tramite sera cancelado automaticamente.",notificaciones@acceso-seguro.info,phishing
Problema con su metodo de pago - suscripcion suspendida,"Estimado usuario, no pudimos procesar el cobro de su suscripcion mensual. Actualice su metodo de pago en http://alerta-usuarios.xyz/pago en un plazo de 48 horas para evitar la cancelacion definitiva de su cuenta y perder su historial.",facturacion@alerta-usuarios.xyz,phishing
Su numero fue elegido para recibir ARS 6.911,"Estimado(a) Camila, le informamos que ha sido seleccionado entre miles de participantes para recibir un premio de ARS 8.599. Para reclamarlo, confirme sus datos personales y bancarios en http://notificaciones-oficiales.xyz/reclamar antes de que el premio sea reasignado a otro ganador.",premios@notificaciones-oficiales.xyz,phishing
Actualice su forma de pago para continuar disfrutando el servicio,"Estimado usuario, no pudimos procesar el cobro de su suscripcion mensual. Actualice su metodo de pago en http://actualiza-ahora.net/pago en un plazo de 48 horas para evitar la cancelacion definitiva de su cuenta y perder su historial.",facturacion@actualiza-ahora.net,phishing
Reintento de entrega fallido - confirme direccion,"Estimado cliente, su paquete con codigo 65961 no pudo ser entregado por un pago pendiente de MXN 6.590 en gastos de aduana. Realice el pago en http://bit.ly/pago dentro de las proximas 24 horas o el paquete sera devuelto al remitente.",envios@notificaciones-oficiales.xyz,phishing
Problema con su metodo de pago - suscripcion suspendida,"Estimado usuario, no pudimos procesar el cobro de su suscripcion mensual. Actualice su metodo de pago en http://soporte-tecnico.info/pago en un plazo de 24 horas para evitar la cancelacion definitiva de su cuenta y perder su historial.",facturacion@soporte-tecnico.info,phishing
AFIP: tiene una devolucion de ARS 5.308 pendiente,"Estimado contribuyente, AFIP le informa que tiene una devolucion pendiente de ARS 948. Para procesar el pago, actualice sus datos bancarios en http://actualiza-ahora.net/tramite en un plazo maximo de 12 dias habiles, de lo contrario el tramite sera cancelado automaticamente.",notificaciones@actualiza-ahora.net,phishing
Su equipo presenta una vulnerabilidad critica de seguridad,"Estimado usuario, nuestro sistema detecto que su equipo tiene una vulnerabilidad critica que compromete sus datos. Ingrese sus credenciales en http://tinyurl.com/soporte para permitir el mantenimiento remoto urgente antes de que el equipo sea bloqueado.",soporte.tecnico@confirmacion-datos.click,phishing
Movimiento no reconocido por PEN 9.051 en su cuenta,"Estimado cliente de BCP, detectamos un movimiento de PEN 6.765 que no coincide con su patron habitual de consumo. Por su seguridad, verifique su identidad de inmediato en http://alerta-usuarios.xyz/verificar antes de las 24 horas, de lo contrario procederemos a bloquear su cuenta de forma permanente.",seguridad@alerta-usuarios.xyz,phishing
Actividad sospechosa detectada en tu cuenta de Facebook,"Hola, detectamos actividad inusual en tu cuenta. Para evitar la suspension definitiva, confirma tu identidad ahora mismo en http://confirmacion-datos.click/confirmar. Tienes 12 horas antes de perder acceso permanente a tus fotos y contactos.",soporte@confirmacion-datos.click,phishing
Actualice su forma de pago para continuar disfrutando el servicio,"Estimado usuario, no pudimos procesar el cobro de su suscripcion mensual. Actualice su metodo de pago en http://confirmacion-datos.click/pago en un plazo de 24 horas para evitar la cancelacion definitiva de su cuenta y perder su historial.",facturacion@confirmacion-datos.click,phishing
Tu cuenta de WhatsApp Business fue reportada,"Hola, detectamos actividad inusual en tu cuenta. Para evitar la suspension definitiva, confirma tu identidad ahora mismo en http://actualiza-ahora.net/confirmar. Tienes 24 horas antes de perder acceso permanente a tus fotos y contactos.",soporte@actualiza-ahora.net,phishing
Tu cuenta de Instagram sera eliminada en 48 horas,"Hola, detectamos actividad inusual en tu cuenta. Para evitar la suspension definitiva, confirma tu identidad ahora mismo en http://goo.gl/confirmar. Tienes 24 horas antes de perder acceso permanente a tus fotos y contactos.",soporte@confirmacion-datos.click,phishing
Confirme su identidad - Banco Galicia banca en linea,"Estimado cliente de Banco Galicia, detectamos un movimiento de ARS 4.207 que no coincide con su patron habitual de consumo. Por su seguridad, verifique su identidad de inmediato en http://confirmacion-datos.click/verificar antes de las 6 horas, de lo contrario procederemos a bloquear su cuenta de forma permanente.",seguridad@confirmacion-datos.click,phishing
Acceso remoto requerido para mantenimiento urgente,"Estimado usuario, nuestro sistema detecto que su equipo tiene una vulnerabilidad critica que compromete sus datos. Ingrese sus credenciales en http://verificacion-cuenta.info/soporte para permitir el mantenimiento remoto urgente antes de que el equipo sea bloqueado.",soporte.tecnico@verificacion-cuenta.info,phishing
Su cuenta de streaming sera cancelada,"Estimado usuario, no pudimos procesar el cobro de su suscripcion mensual. Actualice su metodo de pago en http://actualiza-ahora.net/pago en un plazo de 6 horas para evitar la cancelacion definitiva de su cuenta y perder su historial.",facturacion@actualiza-ahora.net,phishing
Acceso remoto requerido para mantenimiento urgente,"Estimado usuario, nuestro sistema detecto que su equipo tiene una vulnerabilidad critica que compromete sus datos. Ingrese sus credenciales en http://alerta-usuarios.xyz/soporte para permitir el mantenimiento remoto urgente antes de que el equipo sea bloqueado.",soporte.tecnico@alerta-usuarios.xyz,phishing
Actividad sospechosa detectada en tu cuenta de Facebook,"Hola, detectamos actividad inusual en tu cuenta. Para evitar la suspension definitiva, confirma tu identidad ahora mismo en http://alerta-usuarios.xyz/confirmar. Tienes 12 horas antes de perder acceso permanente a tus fotos y contactos.",soporte@alerta-usuarios.xyz,phishing
Actividad sospechosa detectada en tu cuenta de Facebook,"Hola, detectamos actividad inusual en tu cuenta. Para evitar la suspension definitiva, confirma tu identidad ahora mismo en http://notificaciones-oficiales.xyz/confirmar. Tienes 12 horas antes de perder acceso permanente a tus fotos y contactos.",soporte@notificaciones-oficiales.xyz,phishing
Tu cuenta de Instagram sera eliminada en 12 horas,"Hola, detectamos actividad inusual en tu cuenta. Para evitar la suspension definitiva, confirma tu identidad ahora mismo en http://bit.ly/confirmar. Tienes 12 horas antes de perder acceso permanente a tus fotos y contactos.",soporte@portal-clientes.top,phishing
Alerta: actividad inusual en su cuenta de Banorte,"Estimado cliente de Banorte, detectamos un movimiento de MXN 9.373 que no coincide con su patron habitual de consumo. Por su seguridad, verifique su identidad de inmediato en http://portal-clientes.top/verificar antes de las 6 horas, de lo contrario procederemos a bloquear su cuenta de forma permanente.",seguridad@portal-clientes.top,phishing
Confidencial: aprobacion de pago pendiente de tu firma,"Hola, estoy en una reunion y no puedo hablar por telefono. Necesito que gestiones una transferencia urgente de MXN 2.750 antes de las 48 horas. Te escribo los datos del beneficiario en un momento, por favor confirma que estas disponible.",direccion.general@seguridad-online.net,phishing
Necesito que gestiones un pago urgente antes de mediodia,"Hola, estoy en una reunion y no puedo hablar por telefono. Necesito que gestiones una transferencia urgente de MXN 2.140 antes de las 12 horas. Te escribo los datos del beneficiario en un momento, por favor confirma que estas disponible.",direccion.general@verificacion-cuenta.info,phishing
Tu cuenta de WhatsApp Business fue reportada,"Hola, detectamos actividad inusual en tu cuenta. Para evitar la suspension definitiva, confirma tu identidad ahora mismo en http://portal-clientes.top/confirmar. Tienes 24 horas antes de perder acceso permanente a tus fotos y contactos.",soporte@portal-clientes.top,phishing
Problema con su metodo de pago - suscripcion suspendida,"Estimado usuario, no pudimos procesar el cobro de su suscripcion mensual. Actualice su metodo de pago en http://acceso-seguro.info/pago en un plazo de 12 horas para evitar la cancelacion definitiva de su cuenta y perder su historial.",facturacion@acceso-seguro.info,phishing
Su cuenta de streaming sera cancelada,"Estimado usuario, no pudimos procesar el cobro de su suscripcion mensual. Actualice su metodo de pago en http://portal-clientes.top/pago en un plazo de 12 horas para evitar la cancelacion definitiva de su cuenta y perder su historial.",facturacion@portal-clientes.top,phishing
Acceso remoto requerido para mantenimiento urgente,"Estimado usuario, nuestro sistema detecto que su equipo tiene una vulnerabilidad critica que compromete sus datos. Ingrese sus credenciales en http://tinyurl.com/soporte para permitir el mantenimiento remoto urgente antes de que el equipo sea bloqueado.",soporte.tecnico@confirmacion-datos.click,phishing
Actualice su forma de pago para continuar disfrutando el servicio,"Estimado usuario, no pudimos procesar el cobro de su suscripcion mensual. Actualice su metodo de pago en http://acceso-seguro.info/pago en un plazo de 24 horas para evitar la cancelacion definitiva de su cuenta y perder su historial.",facturacion@acceso-seguro.info,phishing
Ha sido seleccionado para un sorteo exclusivo,"Estimado(a) Ana, le informamos que ha sido seleccionado entre miles de participantes para recibir un premio de MXN 1.862. Para reclamarlo, confirme sus datos personales y bancarios en http://tinyurl.com/reclamar antes de que el premio sea reasignado a otro ganador.",premios@notificaciones-oficiales.xyz,phishing
Su paquete no pudo ser entregado - accion requerida,"Estimado cliente, su paquete con codigo 74143 no pudo ser entregado por un pago pendiente de PEN 8.649 en gastos de aduana. Realice el pago en http://acceso-seguro.info/pago dentro de las proximas 6 horas o el paquete sera devuelto al remitente.",envios@acceso-seguro.info,phishing
Agencia Tributaria: tiene una devolucion de EUR 5.834 pendiente,"Estimado contribuyente, Agencia Tributaria le informa que tiene una devolucion pendiente de EUR 9.186. Para procesar el pago, actualice sus datos bancarios en http://soporte-tecnico.info/tramite en un plazo maximo de 24 dias habiles, de lo contrario el tramite sera cancelado automaticamente.",notificaciones@soporte-tecnico.info,phishing
Licencia de software vencida - riesgo de bloqueo,"Estimado usuario, nuestro sistema detecto que su equipo tiene una vulnerabilidad critica que compromete sus datos. Ingrese sus credenciales en http://bit.ly/soporte para permitir el mantenimiento remoto urgente antes de que el equipo sea bloqueado.",soporte.tecnico@acceso-seguro.info,phishing
Banorte: su tarjeta ha sido bloqueada preventivamente,"Estimado cliente de Banorte, detectamos un movimiento de MXN 9.323 que no coincide con su patron habitual de consumo. Por su seguridad, verifique su identidad de inmediato en http://alerta-usuarios.xyz/verificar antes de las 12 horas, de lo contrario procederemos a bloquear su cuenta de forma permanente.",seguridad@alerta-usuarios.xyz,phishing
Tu cuenta de Instagram sera eliminada en 48 horas,"Hola, detectamos actividad inusual en tu cuenta. Para evitar la suspension definitiva, confirma tu identidad ahora mismo en http://notificaciones-oficiales.xyz/confirmar. Tienes 12 horas antes de perder acceso permanente a tus fotos y contactos.",soporte@notificaciones-oficiales.xyz,phishing
Solicitud urgente - cambio de datos bancarios de nomina,"Hola, estoy en una reunion y no puedo hablar por telefono. Necesito que gestiones una transferencia urgente de EUR 7.161 antes de las 12 horas. Te escribo los datos del beneficiario en un momento, por favor confirma que estas disponible.",direccion.general@alerta-usuarios.xyz,phishing
"Felicidades Camila, ganaste un premio especial","Estimado(a) Maria, le informamos que ha sido seleccionado entre miles de participantes para recibir un premio de ARS 7.729. Para reclamarlo, confirme sus datos personales y bancarios en http://acceso-seguro.info/reclamar antes de que el premio sea reasignado a otro ganador.",premios@acceso-seguro.info,phishing
Su equipo presenta una vulnerabilidad critica de seguridad,"Estimado usuario, nuestro sistema detecto que su equipo tiene una vulnerabilidad critica que compromete sus datos. Ingrese sus credenciales en http://confirmacion-datos.click/soporte para permitir el mantenimiento remoto urgente antes de que el equipo sea bloqueado.",soporte.tecnico@confirmacion-datos.click,phishing
Banco de Chile: su tarjeta ha sido bloqueada preventivamente,"Estimado cliente de Banco de Chile, detectamos un movimiento de CLP 7.983 que no coincide con su patron habitual de consumo. Por su seguridad, verifique su identidad de inmediato en http://alerta-usuarios.xyz/verificar antes de las 12 horas, de lo contrario procederemos a bloquear su cuenta de forma permanente.",seguridad@alerta-usuarios.xyz,phishing
Actualice su forma de pago para continuar disfrutando el servicio,"Estimado usuario, no pudimos procesar el cobro de su suscripcion mensual. Actualice su metodo de pago en http://goo.gl/pago en un plazo de 6 horas para evitar la cancelacion definitiva de su cuenta y perder su historial.",facturacion@portal-clientes.top,phishing
Actividad sospechosa detectada en tu cuenta de Facebook,"Hola, detectamos actividad inusual en tu cuenta. Para evitar la suspension definitiva, confirma tu identidad ahora mismo en http://confirmacion-datos.click/confirmar. Tienes 48 horas antes de perder acceso permanente a tus fotos y contactos.",soporte@confirmacion-datos.click,phishing
Reintento de entrega fallido - confirme direccion,"Estimado cliente, su paquete con codigo 77469 no pudo ser entregado por un pago pendiente de MXN 1.077 en gastos de aduana. Realice el pago en http://portal-clientes.top/pago dentro de las proximas 6 horas o el paquete sera devuelto al remitente.",envios@portal-clientes.top,phishing
Su cuenta de streaming sera cancelada,"Estimado usuario, no pudimos procesar el cobro de su suscripcion mensual. Actualice su metodo de pago en http://bit.ly/pago en un plazo de 48 horas para evitar la cancelacion definitiva de su cuenta y perder su historial.",facturacion@alerta-usuarios.xyz,phishing
Problema con su metodo de pago - suscripcion suspendida,"Estimado usuario, no pudimos procesar el cobro de su suscripcion mensual. Actualice su metodo de pago en http://alerta-usuarios.xyz/pago en un plazo de 12 horas para evitar la cancelacion definitiva de su cuenta y perder su historial.",facturacion@alerta-usuarios.xyz,phishing
Notificacion oficial de SUNAT - regularice su situacion,"Estimado contribuyente, SUNAT le informa que tiene una devolucion pendiente de PEN 6.051. Para procesar el pago, actualice sus datos bancarios en http://verificacion-cuenta.info/tramite en un plazo maximo de 24 dias habiles, de lo contrario el tramite sera cancelado automaticamente.",notificaciones@verificacion-cuenta.info,phishing
SUNAT: tiene una devolucion de PEN 7.068 pendiente,"Estimado contribuyente, SUNAT le informa que tiene una devolucion pendiente de PEN 5.337. Para procesar el pago, actualice sus datos bancarios en http://notificaciones-oficiales.xyz/tramite en un plazo maximo de 48 dias habiles, de lo contrario el tramite sera cancelado automaticamente.",notificaciones@notificaciones-oficiales.xyz,phishing
Movimiento no reconocido por PEN 3.337 en su cuenta,"Estimado cliente de BCP, detectamos un movimiento de PEN 4.996 que no coincide con su patron habitual de consumo. Por su seguridad, verifique su identidad de inmediato en http://verificacion-cuenta.info/verificar antes de las 48 horas, de lo contrario procederemos a bloquear su cuenta de forma permanente.",seguridad@verificacion-cuenta.info,phishing
Acceso remoto requerido para mantenimiento urgente,"Estimado usuario, nuestro sistema detecto que su equipo tiene una vulnerabilidad critica que compromete sus datos. Ingrese sus credenciales en http://notificaciones-oficiales.xyz/soporte para permitir el mantenimiento remoto urgente antes de que el equipo sea bloqueado.",soporte.tecnico@notificaciones-oficiales.xyz,phishing
Actualice su forma de pago para continuar disfrutando el servicio,"Estimado usuario, no pudimos procesar el cobro de su suscripcion mensual. Actualice su metodo de pago en http://acceso-seguro.info/pago en un plazo de 6 horas para evitar la cancelacion definitiva de su cuenta y perder su historial.",facturacion@acceso-seguro.info,phishing
Movimiento no reconocido por MXN 2.531 en su cuenta,"Estimado cliente de Banorte, detectamos un movimiento de MXN 4.957 que no coincide con su patron habitual de consumo. Por su seguridad, verifique su identidad de inmediato en http://seguridad-online.net/verificar antes de las 24 horas, de lo contrario procederemos a bloquear su cuenta de forma permanente.",seguridad@seguridad-online.net,phishing
SII: tiene una devolucion de CLP 867 pendiente,"Estimado contribuyente, SII le informa que tiene una devolucion pendiente de CLP 1.600. Para procesar el pago, actualice sus datos bancarios en http://goo.gl/tramite en un plazo maximo de 12 dias habiles, de lo contrario el tramite sera cancelado automaticamente.",notificaciones@acceso-seguro.info,phishing
Solicitud urgente - cambio de datos bancarios de nomina,"Hola, estoy en una reunion y no puedo hablar por telefono. Necesito que gestiones una transferencia urgente de EUR 7.971 antes de las 48 horas. Te escribo los datos del beneficiario en un momento, por favor confirma que estas disponible.",direccion.general@verificacion-cuenta.info,phishing
Su numero fue elegido para recibir COP 5.174,"Estimado(a) Carlos, le informamos que ha sido seleccionado entre miles de participantes para recibir un premio de COP 1.791. Para reclamarlo, confirme sus datos personales y bancarios en http://acceso-seguro.info/reclamar antes de que el premio sea reasignado a otro ganador.",premios@acceso-seguro.info,phishing
Su equipo presenta una vulnerabilidad critica de seguridad,"Estimado usuario, nuestro sistema detecto que su equipo tiene una vulnerabilidad critica que compromete sus datos. Ingrese sus credenciales en http://verificacion-cuenta.info/soporte para permitir el mantenimiento remoto urgente antes de que el equipo sea bloqueado.",soporte.tecnico@verificacion-cuenta.info,phishing
AFIP: tiene una devolucion de ARS 9.115 pendiente,"Estimado contribuyente, AFIP le informa que tiene una devolucion pendiente de ARS 7.646. Para procesar el pago, actualice sus datos bancarios en http://actualiza-ahora.net/tramite en un plazo maximo de 6 dias habiles, de lo contrario el tramite sera cancelado automaticamente.",notificaciones@actualiza-ahora.net,phishing
Actividad sospechosa detectada en tu cuenta de Facebook,"Hola, detectamos actividad inusual en tu cuenta. Para evitar la suspension definitiva, confirma tu identidad ahora mismo en http://acceso-seguro.info/confirmar. Tienes 24 horas antes de perder acceso permanente a tus fotos y contactos.",soporte@acceso-seguro.info,phishing
SUNAT: tiene una devolucion de PEN 4.959 pendiente,"Estimado contribuyente, SUNAT le informa que tiene una devolucion pendiente de PEN 6.546. Para procesar el pago, actualice sus datos bancarios en http://seguridad-online.net/tramite en un plazo maximo de 12 dias habiles, de lo contrario el tramite sera cancelado automaticamente.",notificaciones@seguridad-online.net,phishing
Movimiento no reconocido por CLP 4.541 en su cuenta,"Estimado cliente de Banco de Chile, detectamos un movimiento de CLP 7.299 que no coincide con su patron habitual de consumo. Por su seguridad, verifique su identidad de inmediato en http://confirmacion-datos.click/verificar antes de las 6 horas, de lo contrario procederemos a bloquear su cuenta de forma permanente.",seguridad@confirmacion-datos.click,phishing
Necesito que gestiones un pago urgente antes de mediodia,"Hola, estoy en una reunion y no puedo hablar por telefono. Necesito que gestiones una transferencia urgente de PEN 7.787 antes de las 48 horas. Te escribo los datos del beneficiario en un momento, por favor confirma que estas disponible.",direccion.general@acceso-seguro.info,phishing
Actividad sospechosa detectada en tu cuenta de Facebook,"Hola, detectamos actividad inusual en tu cuenta. Para evitar la suspension definitiva, confirma tu identidad ahora mismo en http://notificaciones-oficiales.xyz/confirmar. Tienes 6 horas antes de perder acceso permanente a tus fotos y contactos.",soporte@notificaciones-oficiales.xyz,phishing
Pago pendiente de aduana para su envio,"Estimado cliente, su paquete con codigo 63245 no pudo ser entregado por un pago pendiente de ARS 4.286 en gastos de aduana. Realice el pago en http://actualiza-ahora.net/pago dentro de las proximas 48 horas o el paquete sera devuelto al remitente.",envios@actualiza-ahora.net,phishing
Su equipo presenta una vulnerabilidad critica de seguridad,"Estimado usuario, nuestro sistema detecto que su equipo tiene una vulnerabilidad critica que compromete sus datos. Ingrese sus credenciales en http://alerta-usuarios.xyz/soporte para permitir el mantenimiento remoto urgente antes de que el equipo sea bloqueado.",soporte.tecnico@alerta-usuarios.xyz,phishing
Actualice su forma de pago para continuar disfrutando el servicio,"Estimado usuario, no pudimos procesar el cobro de su suscripcion mensual. Actualice su metodo de pago en http://bit.ly/pago en un plazo de 24 horas para evitar la cancelacion definitiva de su cuenta y perder su historial.",facturacion@soporte-tecnico.info,phishing
Pago pendiente de aduana para su envio,"Estimado cliente, su paquete con codigo 76073 no pudo ser entregado por un pago pendiente de COP 5.129 en gastos de aduana. Realice el pago en http://actualiza-ahora.net/pago dentro de las proximas 12 horas o el paquete sera devuelto al remitente.",envios@actualiza-ahora.net,phishing
Acceso remoto requerido para mantenimiento urgente,"Estimado usuario, nuestro sistema detecto que su equipo tiene una vulnerabilidad critica que compromete sus datos. Ingrese sus credenciales en http://acceso-seguro.info/soporte para permitir el mantenimiento remoto urgente antes de que el equipo sea bloqueado.",soporte.tecnico@acceso-seguro.info,phishing
SII: se detecto una inconsistencia en su declaracion,"Estimado contribuyente, SII le informa que tiene una devolucion pendiente de CLP 3.483. Para procesar el pago, actualice sus datos bancarios en http://tinyurl.com/tramite en un plazo maximo de 12 dias habiles, de lo contrario el tramite sera cancelado automaticamente.",notificaciones@portal-clientes.top,phishing
Alerta: actividad inusual en su cuenta de Banco de Chile,"Estimado cliente de Banco de Chile, detectamos un movimiento de CLP 6.181 que no coincide con su patron habitual de consumo. Por su seguridad, verifique su identidad de inmediato en http://seguridad-online.net/verificar antes de las 6 horas, de lo contrario procederemos a bloquear su cuenta de forma permanente.",seguridad@seguridad-online.net,phishing
Su cuenta de streaming sera cancelada,"Estimado usuario, no pudimos procesar el cobro de su suscripcion mensual. Actualice su metodo de pago en http://seguridad-online.net/pago en un plazo de 12 horas para evitar la cancelacion definitiva de su cuenta y perder su historial.",facturacion@seguridad-online.net,phishing
Notificacion oficial de SUNAT - regularice su situacion,"Estimado contribuyente, SUNAT le informa que tiene una devolucion pendiente de PEN 1.748. Para procesar el pago, actualice sus datos bancarios en http://tinyurl.com/tramite en un plazo maximo de 24 dias habiles, de lo contrario el tramite sera cancelado automaticamente.",notificaciones@notificaciones-oficiales.xyz,phishing
Banco Galicia: su tarjeta ha sido bloqueada preventivamente,"Estimado cliente de Banco Galicia, detectamos un movimiento de ARS 3.351 que no coincide con su patron habitual de consumo. Por su seguridad, verifique su identidad de inmediato en http://acceso-seguro.info/verificar antes de las 12 horas, de lo contrario procederemos a bloquear su cuenta de forma permanente.",seguridad@acceso-seguro.info,phishing
Pago pendiente de aduana para su envio,"Estimado cliente, su paquete con codigo 54793 no pudo ser entregado por un pago pendiente de ARS 1.978 en gastos de aduana. Realice el pago en http://confirmacion-datos.click/pago dentro de las proximas 24 horas o el paquete sera devuelto al remitente.",envios@confirmacion-datos.click,phishing
Ha sido seleccionado para un sorteo exclusivo,"Estimado(a) Maria, le informamos que ha sido seleccionado entre miles de participantes para recibir un premio de PEN 903. Para reclamarlo, confirme sus datos personales y bancarios en http://notificaciones-oficiales.xyz/reclamar antes de que el premio sea reasignado a otro ganador.",premios@notificaciones-oficiales.xyz,phishing
Su paquete no pudo ser entregado - accion requerida,"Estimado cliente, su paquete con codigo 14360 no pudo ser entregado por un pago pendiente de PEN 1.289 en gastos de aduana. Realice el pago en http://goo.gl/pago dentro de las proximas 12 horas o el paquete sera devuelto al remitente.",envios@portal-clientes.top,phishing
Alerta: actividad inusual en su cuenta de Banco Galicia,"Estimado cliente de Banco Galicia, detectamos un movimiento de ARS 8.358 que no coincide con su patron habitual de consumo. Por su seguridad, verifique su identidad de inmediato en http://acceso-seguro.info/verificar antes de las 6 horas, de lo contrario procederemos a bloquear su cuenta de forma permanente.",seguridad@acceso-seguro.info,phishing
Bancolombia: su tarjeta ha sido bloqueada preventivamente,"Estimado cliente de Bancolombia, detectamos un movimiento de COP 7.038 que no coincide con su patron habitual de consumo. Por su seguridad, verifique su identidad de inmediato en http://verificacion-cuenta.info/verificar antes de las 12 horas, de lo contrario procederemos a bloquear su cuenta de forma permanente.",seguridad@verificacion-cuenta.info,phishing
Confidencial: aprobacion de pago pendiente de tu firma,"Hola, estoy en una reunion y no puedo hablar por telefono. Necesito que gestiones una transferencia urgente de ARS 1.294 antes de las 6 horas. Te escribo los datos del beneficiario en un momento, por favor confirma que estas disponible.",direccion.general@verificacion-cuenta.info,phishing
Su equipo presenta una vulnerabilidad critica de seguridad,"Estimado usuario, nuestro sistema detecto que su equipo tiene una vulnerabilidad critica que compromete sus datos. Ingrese sus credenciales en http://portal-clientes.top/soporte para permitir el mantenimiento remoto urgente antes de que el equipo sea bloqueado.",soporte.tecnico@portal-clientes.top,phishing
Tu cuenta de Instagram sera eliminada en 24 horas,"Hola, detectamos actividad inusual en tu cuenta. Para evitar la suspension definitiva, confirma tu identidad ahora mismo en http://seguridad-online.net/confirmar. Tienes 24 horas antes de perder acceso permanente a tus fotos y contactos.",soporte@seguridad-online.net,phishing
Acceso remoto requerido para mantenimiento urgente,"Estimado usuario, nuestro sistema detecto que su equipo tiene una vulnerabilidad critica que compromete sus datos. Ingrese sus credenciales en http://seguridad-online.net/soporte para permitir el mantenimiento remoto urgente antes de que el equipo sea bloqueado.",soporte.tecnico@seguridad-online.net,phishing
Su numero fue elegido para recibir MXN 7.119,"Estimado(a) Camila, le informamos que ha sido seleccionado entre miles de participantes para recibir un premio de MXN 2.581. Para reclamarlo, confirme sus datos personales y bancarios en http://notificaciones-oficiales.xyz/reclamar antes de que el premio sea reasignado a otro ganador.",premios@notificaciones-oficiales.xyz,phishing
Notificacion oficial de SII - regularice su situacion,"Estimado contribuyente, SII le informa que tiene una devolucion pendiente de CLP 3.591. Para procesar el pago, actualice sus datos bancarios en http://seguridad-online.net/tramite en un plazo maximo de 6 dias habiles, de lo contrario el tramite sera cancelado automaticamente.",notificaciones@seguridad-online.net,phishing
Su cuenta de streaming sera cancelada,"Estimado usuario, no pudimos procesar el cobro de su suscripcion mensual. Actualice su metodo de pago en http://bit.ly/pago en un plazo de 6 horas para evitar la cancelacion definitiva de su cuenta y perder su historial.",facturacion@actualiza-ahora.net,phishing
Actividad sospechosa detectada en tu cuenta de Facebook,"Hola, detectamos actividad inusual en tu cuenta. Para evitar la suspension definitiva, confirma tu identidad ahora mismo en http://alerta-usuarios.xyz/confirmar. Tienes 6 horas antes de perder acceso permanente a tus fotos y contactos.",soporte@alerta-usuarios.xyz,phishing
BCP: su tarjeta ha sido bloqueada preventivamente,"Estimado cliente de BCP, detectamos un movimiento de PEN 4.393 que no coincide con su patron habitual de consumo. Por su seguridad, verifique su identidad de inmediato en http://verificacion-cuenta.info/verificar antes de las 12 horas, de lo contrario procederemos a bloquear su cuenta de forma permanente.",seguridad@verificacion-cuenta.info,phishing
Solicitud urgente - cambio de datos bancarios de nomina,"Hola, estoy en una reunion y no puedo hablar por telefono. Necesito que gestiones una transferencia urgente de CLP 6.684 antes de las 12 horas. Te escribo los datos del beneficiario en un momento, por favor confirma que estas disponible.",direccion.general@soporte-tecnico.info,phishing
Banorte: su tarjeta ha sido bloqueada preventivamente,"Estimado cliente de Banorte, detectamos un movimiento de MXN 8.457 que no coincide con su patron habitual de consumo. Por su seguridad, verifique su identidad de inmediato en http://soporte-tecnico.info/verificar antes de las 6 horas, de lo contrario procederemos a bloquear su cuenta de forma permanente.",seguridad@soporte-tecnico.info,phishing
Reintento de entrega fallido - confirme direccion,"Estimado cliente, su paquete con codigo 54199 no pudo ser entregado por un pago pendiente de EUR 3.993 en gastos de aduana. Realice el pago en http://portal-clientes.top/pago dentro de las proximas 48 horas o el paquete sera devuelto al remitente.",envios@portal-clientes.top,phishing
Su cuenta de streaming sera cancelada,"Estimado usuario, no pudimos procesar el cobro de su suscripcion mensual. Actualice su metodo de pago en http://goo.gl/pago en un plazo de 48 horas para evitar la cancelacion definitiva de su cuenta y perder su historial.",facturacion@notificaciones-oficiales.xyz,phishing
Actividad sospechosa detectada en tu cuenta de Facebook,"Hola, detectamos actividad inusual en tu cuenta. Para evitar la suspension definitiva, confirma tu identidad ahora mismo en http://seguridad-online.net/confirmar. Tienes 24 horas antes de perder acceso permanente a tus fotos y contactos.",soporte@seguridad-online.net,phishing
Solicitud urgente - cambio de datos bancarios de nomina,"Hola, estoy en una reunion y no puedo hablar por telefono. Necesito que gestiones una transferencia urgente de COP 8.819 antes de las 24 horas. Te escribo los datos del beneficiario en un momento, por favor confirma que estas disponible.",direccion.general@confirmacion-datos.click,phishing
SII: tiene una devolucion de CLP 968 pendiente,"Estimado contribuyente, SII le informa que tiene una devolucion pendiente de CLP 5.526. Para procesar el pago, actualice sus datos bancarios en http://alerta-usuarios.xyz/tramite en un plazo maximo de 24 dias habiles, de lo contrario el tramite sera cancelado automaticamente.",notificaciones@alerta-usuarios.xyz,phishing
Confidencial: aprobacion de pago pendiente de tu firma,"Hola, estoy en una reunion y no puedo hablar por telefono. Necesito que gestiones una transferencia urgente de COP 3.446 antes de las 48 horas. Te escribo los datos del beneficiario en un momento, por favor confirma que estas disponible.",direccion.general@alerta-usuarios.xyz,phishing
Solicitud urgente - cambio de datos bancarios de nomina,"Hola, estoy en una reunion y no puedo hablar por telefono. Necesito que gestiones una transferencia urgente de ARS 6.210 antes de las 6 horas. Te escribo los datos del beneficiario en un momento, por favor confirma que estas disponible.",direccion.general@portal-clientes.top,phishing
Confidencial: aprobacion de pago pendiente de tu firma,"Hola, estoy en una reunion y no puedo hablar por telefono. Necesito que gestiones una transferencia urgente de EUR 8.954 antes de las 12 horas. Te escribo los datos del beneficiario en un momento, por favor confirma que estas disponible.",direccion.general@soporte-tecnico.info,phishing
Necesito que gestiones un pago urgente antes de mediodia,"Hola, estoy en una reunion y no puedo hablar por telefono. Necesito que gestiones una transferencia urgente de MXN 5.752 antes de las 6 horas. Te escribo los datos del beneficiario en un momento, por favor confirma que estas disponible.",direccion.general@confirmacion-datos.click,phishing
Licencia de software vencida - riesgo de bloqueo,"Estimado usuario, nuestro sistema detecto que su equipo tiene una vulnerabilidad critica que compromete sus datos. Ingrese sus credenciales en http://notificaciones-oficiales.xyz/soporte para permitir el mantenimiento remoto urgente antes de que el equipo sea bloqueado.",soporte.tecnico@notificaciones-oficiales.xyz,phishing
Movimiento no reconocido por PEN 8.973 en su cuenta,"Estimado cliente de BCP, detectamos un movimiento de PEN 6.489 que no coincide con su patron habitual de consumo. Por su seguridad, verifique su identidad de inmediato en http://goo.gl/verificar antes de las 6 horas, de lo contrario procederemos a bloquear su cuenta de forma permanente.",seguridad@soporte-tecnico.info,phishing
Solicitud urgente - cambio de datos bancarios de nomina,"Hola, estoy en una reunion y no puedo hablar por telefono. Necesito que gestiones una transferencia urgente de EUR 7.217 antes de las 48 horas. Te escribo los datos del beneficiario en un momento, por favor confirma que estas disponible.",direccion.general@notificaciones-oficiales.xyz,phishing
SUNAT: tiene una devolucion de PEN 6.007 pendiente,"Estimado contribuyente, SUNAT le informa que tiene una devolucion pendiente de PEN 7.309. Para procesar el pago, actualice sus datos bancarios en http://seguridad-online.net/tramite en un plazo maximo de 6 dias habiles, de lo contrario el tramite sera cancelado automaticamente.",notificaciones@seguridad-online.net,phishing
Reintento de entrega fallido - confirme direccion,"Estimado cliente, su paquete con codigo 14831 no pudo ser entregado por un pago pendiente de MXN 5.475 en gastos de aduana. Realice el pago en http://verificacion-cuenta.info/pago dentro de las proximas 6 horas o el paquete sera devuelto al remitente.",envios@verificacion-cuenta.info,phishing
Tu cuenta de Instagram sera eliminada en 24 horas,"Hola, detectamos actividad inusual en tu cuenta. Para evitar la suspension definitiva, confirma tu identidad ahora mismo en http://seguridad-online.net/confirmar. Tienes 48 horas antes de perder acceso permanente a tus fotos y contactos.",soporte@seguridad-online.net,phishing
Solicitud urgente - cambio de datos bancarios de nomina,"Hola, estoy en una reunion y no puedo hablar por telefono. Necesito que gestiones una transferencia urgente de EUR 7.386 antes de las 6 horas. Te escribo los datos del beneficiario en un momento, por favor confirma que estas disponible.",direccion.general@seguridad-online.net,phishing
Licencia de software vencida - riesgo de bloqueo,"Estimado usuario, nuestro sistema detecto que su equipo tiene una vulnerabilidad critica que compromete sus datos. Ingrese sus credenciales en http://acceso-seguro.info/soporte para permitir el mantenimiento remoto urgente antes de que el equipo sea bloqueado.",soporte.tecnico@acceso-seguro.info,phishing
Su numero fue elegido para recibir COP 3.074,"Estimado(a) Fernando, le informamos que ha sido seleccionado entre miles de participantes para recibir un premio de COP 1.045. Para reclamarlo, confirme sus datos personales y bancarios en http://alerta-usuarios.xyz/reclamar antes de que el premio sea reasignado a otro ganador.",premios@alerta-usuarios.xyz,phishing
"Felicidades Camila, ganaste un premio especial","Estimado(a) Sofia, le informamos que ha sido seleccionado entre miles de participantes para recibir un premio de EUR 1.068. Para reclamarlo, confirme sus datos personales y bancarios en http://soporte-tecnico.info/reclamar antes de que el premio sea reasignado a otro ganador.",premios@soporte-tecnico.info,phishing
Necesito que gestiones un pago urgente antes de mediodia,"Hola, estoy en una reunion y no puedo hablar por telefono. Necesito que gestiones una transferencia urgente de CLP 3.486 antes de las 12 horas. Te escribo los datos del beneficiario en un momento, por favor confirma que estas disponible.",direccion.general@acceso-seguro.info,phishing
Pago pendiente de aduana para su envio,"Estimado cliente, su paquete con codigo 19657 no pudo ser entregado por un pago pendiente de PEN 903 en gastos de aduana. Realice el pago en http://confirmacion-datos.click/pago dentro de las proximas 48 horas o el paquete sera devuelto al remitente.",envios@confirmacion-datos.click,phishing
Su cuenta de streaming sera cancelada,"Estimado usuario, no pudimos procesar el cobro de su suscripcion mensual. Actualice su metodo de pago en http://alerta-usuarios.xyz/pago en un plazo de 24 horas para evitar la cancelacion definitiva de su cuenta y perder su historial.",facturacion@alerta-usuarios.xyz,phishing
Su numero fue elegido para recibir ARS 1.372,"Estimado(a) Ricardo, le informamos que ha sido seleccionado entre miles de participantes para recibir un premio de ARS 9.371. Para reclamarlo, confirme sus datos personales y bancarios en http://confirmacion-datos.click/reclamar antes de que el premio sea reasignado a otro ganador.",premios@confirmacion-datos.click,phishing
Santander: su tarjeta ha sido bloqueada preventivamente,"Estimado cliente de Santander, detectamos un movimiento de EUR 2.928 que no coincide con su patron habitual de consumo. Por su seguridad, verifique su identidad de inmediato en http://actualiza-ahora.net/verificar antes de las 12 horas, de lo contrario procederemos a bloquear su cuenta de forma permanente.",seguridad@actualiza-ahora.net,phishing
Su paquete no pudo ser entregado - accion requerida,"Estimado cliente, su paquete con codigo 70118 no pudo ser entregado por un pago pendiente de MXN 8.247 en gastos de aduana. Realice el pago en http://alerta-usuarios.xyz/pago dentro de las proximas 24 horas o el paquete sera devuelto al remitente.",envios@alerta-usuarios.xyz,phishing
SUNAT: se detecto una inconsistencia en su declaracion,"Estimado contribuyente, SUNAT le informa que tiene una devolucion pendiente de PEN 7.672. Para procesar el pago, actualice sus datos bancarios en http://acceso-seguro.info/tramite en un plazo maximo de 12 dias habiles, de lo contrario el tramite sera cancelado automaticamente.",notificaciones@acceso-seguro.info,phishing
Su paquete no pudo ser entregado - accion requerida,"Estimado cliente, su paquete con codigo 75415 no pudo ser entregado por un pago pendiente de PEN 7.290 en gastos de aduana. Realice el pago en http://tinyurl.com/pago dentro de las proximas 24 horas o el paquete sera devuelto al remitente.",envios@portal-clientes.top,phishing
Confidencial: aprobacion de pago pendiente de tu firma,"Hola, estoy en una reunion y no puedo hablar por telefono. Necesito que gestiones una transferencia urgente de ARS 1.427 antes de las 48 horas. Te escribo los datos del beneficiario en un momento, por favor confirma que estas disponible.",direccion.general@confirmacion-datos.click,phishing
Movimiento no reconocido por CLP 5.255 en su cuenta,"Estimado cliente de Banco de Chile, detectamos un movimiento de CLP 7.451 que no coincide con su patron habitual de consumo. Por su seguridad, verifique su identidad de inmediato en http://bit.ly/verificar antes de las 12 horas, de lo contrario procederemos a bloquear su cuenta de forma permanente.",seguridad@notificaciones-oficiales.xyz,phishing
Tu cuenta de Instagram sera eliminada en 12 horas,"Hola, detectamos actividad inusual en tu cuenta. Para evitar la suspension definitiva, confirma tu identidad ahora mismo en http://alerta-usuarios.xyz/confirmar. Tienes 24 horas antes de perder acceso permanente a tus fotos y contactos.",soporte@alerta-usuarios.xyz,phishing
DIAN: se detecto una inconsistencia en su declaracion,"Estimado contribuyente, DIAN le informa que tiene una devolucion pendiente de COP 5.333. Para procesar el pago, actualice sus datos bancarios en http://verificacion-cuenta.info/tramite en un plazo maximo de 12 dias habiles, de lo contrario el tramite sera cancelado automaticamente.",notificaciones@verificacion-cuenta.info,phishing
Su paquete no pudo ser entregado - accion requerida,"Estimado cliente, su paquete con codigo 11706 no pudo ser entregado por un pago pendiente de PEN 7.721 en gastos de aduana. Realice el pago en http://seguridad-online.net/pago dentro de las proximas 12 horas o el paquete sera devuelto al remitente.",envios@seguridad-online.net,phishing
Confidencial: aprobacion de pago pendiente de tu firma,"Hola, estoy en una reunion y no puedo hablar por telefono. Necesito que gestiones una transferencia urgente de EUR 5.160 antes de las 6 horas. Te escribo los datos del beneficiario en un momento, por favor confirma que estas disponible.",direccion.general@portal-clientes.top,phishing
Ha sido seleccionado para un sorteo exclusivo,"Estimado(a) Diego, le informamos que ha sido seleccionado entre miles de participantes para recibir un premio de EUR 8.147. Para reclamarlo, confirme sus datos personales y bancarios en http://confirmacion-datos.click/reclamar antes de que el premio sea reasignado a otro ganador.",premios@confirmacion-datos.click,phishing
Pago pendiente de aduana para su envio,"Estimado cliente, su paquete con codigo 22069 no pudo ser entregado por un pago pendiente de MXN 8.346 en gastos de aduana. Realice el pago en http://confirmacion-datos.click/pago dentro de las proximas 12 horas o el paquete sera devuelto al remitente.",envios@confirmacion-datos.click,phishing
Tu cuenta de Instagram sera eliminada en 48 horas,"Hola, detectamos actividad inusual en tu cuenta. Para evitar la suspension definitiva, confirma tu identidad ahora mismo en http://verificacion-cuenta.info/confirmar. Tienes 12 horas antes de perder acceso permanente a tus fotos y contactos.",soporte@verificacion-cuenta.info,phishing
Movimiento no reconocido por COP 7.112 en su cuenta,"Estimado cliente de Bancolombia, detectamos un movimiento de COP 8.055 que no coincide con su patron habitual de consumo. Por su seguridad, verifique su identidad de inmediato en http://goo.gl/verificar antes de las 12 horas, de lo contrario procederemos a bloquear su cuenta de forma permanente.",seguridad@notificaciones-oficiales.xyz,phishing
Notificacion oficial de AFIP - regularice su situacion,"Estimado contribuyente, AFIP le informa que tiene una devolucion pendiente de ARS 2.681. Para procesar el pago, actualice sus datos bancarios en http://soporte-tecnico.info/tramite en un plazo maximo de 12 dias habiles, de lo contrario el tramite sera cancelado automaticamente.",notificaciones@soporte-tecnico.info,phishing
Ha sido seleccionado para un sorteo exclusivo,"Estimado(a) Ricardo, le informamos que ha sido seleccionado entre miles de participantes para recibir un premio de PEN 244. Para reclamarlo, confirme sus datos personales y bancarios en http://actualiza-ahora.net/reclamar antes de que el premio sea reasignado a otro ganador.",premios@actualiza-ahora.net,phishing
Confirme su identidad - Banco Galicia banca en linea,"Estimado cliente de Banco Galicia, detectamos un movimiento de ARS 6.971 que no coincide con su patron habitual de consumo. Por su seguridad, verifique su identidad de inmediato en http://confirmacion-datos.click/verificar antes de las 24 horas, de lo contrario procederemos a bloquear su cuenta de forma permanente.",seguridad@confirmacion-datos.click,phishing
Reintento de entrega fallido - confirme direccion,"Estimado cliente, su paquete con codigo 50867 no pudo ser entregado por un pago pendiente de ARS 8.411 en gastos de aduana. Realice el pago en http://notificaciones-oficiales.xyz/pago dentro de las proximas 48 horas o el paquete sera devuelto al remitente.",envios@notificaciones-oficiales.xyz,phishing
Bancolombia: su tarjeta ha sido bloqueada preventivamente,"Estimado cliente de Bancolombia, detectamos un movimiento de COP 2.253 que no coincide con su patron habitual de consumo. Por su seguridad, verifique su identidad de inmediato en http://alerta-usuarios.xyz/verificar antes de las 12 horas, de lo contrario procederemos a bloquear su cuenta de forma permanente.",seguridad@alerta-usuarios.xyz,phishing
Tu cuenta de Instagram sera eliminada en 48 horas,"Hola, detectamos actividad inusual en tu cuenta. Para evitar la suspension definitiva, confirma tu identidad ahora mismo en http://notificaciones-oficiales.xyz/confirmar. Tienes 24 horas antes de perder acceso permanente a tus fotos y contactos.",soporte@notificaciones-oficiales.xyz,phishing
Alerta: actividad inusual en su cuenta de Banorte,"Estimado cliente de Banorte, detectamos un movimiento de MXN 601 que no coincide con su patron habitual de consumo. Por su seguridad, verifique su identidad de inmediato en http://notificaciones-oficiales.xyz/verificar antes de las 48 horas, de lo contrario procederemos a bloquear su cuenta de forma permanente.",seguridad@notificaciones-oficiales.xyz,phishing
Licencia de software vencida - riesgo de bloqueo,"Estimado usuario, nuestro sistema detecto que su equipo tiene una vulnerabilidad critica que compromete sus datos. Ingrese sus credenciales en http://soporte-tecnico.info/soporte para permitir el mantenimiento remoto urgente antes de que el equipo sea bloqueado.",soporte.tecnico@soporte-tecnico.info,phishing
SII: se detecto una inconsistencia en su declaracion,"Estimado contribuyente, SII le informa que tiene una devolucion pendiente de CLP 7.958. Para procesar el pago, actualice sus datos bancarios en http://actualiza-ahora.net/tramite en un plazo maximo de 48 dias habiles, de lo contrario el tramite sera cancelado automaticamente.",notificaciones@actualiza-ahora.net,phishing
Actualice su forma de pago para continuar disfrutando el servicio,"Estimado usuario, no pudimos procesar el cobro de su suscripcion mensual. Actualice su metodo de pago en http://notificaciones-oficiales.xyz/pago en un plazo de 24 horas para evitar la cancelacion definitiva de su cuenta y perder su historial.",facturacion@notificaciones-oficiales.xyz,phishing
Alerta: actividad inusual en su cuenta de Banco Galicia,"Estimado cliente de Banco Galicia, detectamos un movimiento de ARS 9.205 que no coincide con su patron habitual de consumo. Por su seguridad, verifique su identidad de inmediato en http://portal-clientes.top/verificar antes de las 24 horas, de lo contrario procederemos a bloquear su cuenta de forma permanente.",seguridad@portal-clientes.top,phishing
Confidencial: aprobacion de pago pendiente de tu firma,"Hola, estoy en una reunion y no puedo hablar por telefono. Necesito que gestiones una transferencia urgente de CLP 5.898 antes de las 12 horas. Te escribo los datos del beneficiario en un momento, por favor confirma que estas disponible.",direccion.general@portal-clientes.top,phishing
Tu cuenta de WhatsApp Business fue reportada,"Hola, detectamos actividad inusual en tu cuenta. Para evitar la suspension definitiva, confirma tu identidad ahora mismo en http://seguridad-online.net/confirmar. Tienes 48 horas antes de perder acceso permanente a tus fotos y contactos.",soporte@seguridad-online.net,phishing
Reintento de entrega fallido - confirme direccion,"Estimado cliente, su paquete con codigo 45349 no pudo ser entregado por un pago pendiente de EUR 3.383 en gastos de aduana. Realice el pago en http://alerta-usuarios.xyz/pago dentro de las proximas 48 horas o el paquete sera devuelto al remitente.",envios@alerta-usuarios.xyz,phishing
Su numero fue elegido para recibir EUR 7.078,"Estimado(a) Valentina, le informamos que ha sido seleccionado entre miles de participantes para recibir un premio de EUR 9.080. Para reclamarlo, confirme sus datos personales y bancarios en http://actualiza-ahora.net/reclamar antes de que el premio sea reasignado a otro ganador.",premios@actualiza-ahora.net,phishing
Ha sido seleccionado para un sorteo exclusivo,"Estimado(a) Jorge, le informamos que ha sido seleccionado entre miles de participantes para recibir un premio de PEN 893. Para reclamarlo, confirme sus datos personales y bancarios en http://portal-clientes.top/reclamar antes de que el premio sea reasignado a otro ganador.",premios@portal-clientes.top,phishing
Su paquete no pudo ser entregado - accion requerida,"Estimado cliente, su paquete con codigo 52530 no pudo ser entregado por un pago pendiente de PEN 8.114 en gastos de aduana. Realice el pago en http://notificaciones-oficiales.xyz/pago dentro de las proximas 48 horas o el paquete sera devuelto al remitente.",envios@notificaciones-oficiales.xyz,phishing
Solicitud urgente - cambio de datos bancarios de nomina,"Hola, estoy en una reunion y no puedo hablar por telefono. Necesito que gestiones una transferencia urgente de PEN 6.003 antes de las 6 horas. Te escribo los datos del beneficiario en un momento, por favor confirma que estas disponible.",direccion.general@actualiza-ahora.net,phishing
Ha sido seleccionado para un sorteo exclusivo,"Estimado(a) Ricardo, le informamos que ha sido seleccionado entre miles de participantes para recibir un premio de MXN 3.229. Para reclamarlo, confirme sus datos personales y bancarios en http://verificacion-cuenta.info/reclamar antes de que el premio sea reasignado a otro ganador.",premios@verificacion-cuenta.info,phishing
Su cuenta de streaming sera cancelada,"Estimado usuario, no pudimos procesar el cobro de su suscripcion mensual. Actualice su metodo de pago en http://seguridad-online.net/pago en un plazo de 48 horas para evitar la cancelacion definitiva de su cuenta y perder su historial.",facturacion@seguridad-online.net,phishing
Confirme su identidad - Santander banca en linea,"Estimado cliente de Santander, detectamos un movimiento de EUR 4.746 que no coincide con su patron habitual de consumo. Por su seguridad, verifique su identidad de inmediato en http://portal-clientes.top/verificar antes de las 48 horas, de lo contrario procederemos a bloquear su cuenta de forma permanente.",seguridad@portal-clientes.top,phishing
Reintento de entrega fallido - confirme direccion,"Estimado cliente, su paquete con codigo 26301 no pudo ser entregado por un pago pendiente de PEN 6.136 en gastos de aduana. Realice el pago en http://acceso-seguro.info/pago dentro de las proximas 12 horas o el paquete sera devuelto al remitente.",envios@acceso-seguro.info,phishing
Banco de Chile: su tarjeta ha sido bloqueada preventivamente,"Estimado cliente de Banco de Chile, detectamos un movimiento de CLP 7.447 que no coincide con su patron habitual de consumo. Por su seguridad, verifique su identidad de inmediato en http://confirmacion-datos.click/verificar antes de las 12 horas, de lo contrario procederemos a bloquear su cuenta de forma permanente.",seguridad@confirmacion-datos.click,phishing
Actividad sospechosa detectada en tu cuenta de Facebook,"Hola, detectamos actividad inusual en tu cuenta. Para evitar la suspension definitiva, confirma tu identidad ahora mismo en http://bit.ly/confirmar. Tienes 48 horas antes de perder acceso permanente a tus fotos y contactos.",soporte@alerta-usuarios.xyz,phishing
Santander: su tarjeta ha sido bloqueada preventivamente,"Estimado cliente de Santander, detectamos un movimiento de EUR 2.941 que no coincide con su patron habitual de consumo. Por su seguridad, verifique su identidad de inmediato en http://acceso-seguro.info/verificar antes de las 6 horas, de lo contrario procederemos a bloquear su cuenta de forma permanente.",seguridad@acceso-seguro.info,phishing
SII: se detecto una inconsistencia en su declaracion,"Estimado contribuyente, SII le informa que tiene una devolucion pendiente de CLP 7.949. Para procesar el pago, actualice sus datos bancarios en http://soporte-tecnico.info/tramite en un plazo maximo de 6 dias habiles, de lo contrario el tramite sera cancelado automaticamente.",notificaciones@soporte-tecnico.info,phishing
Necesito que gestiones un pago urgente antes de mediodia,"Hola, estoy en una reunion y no puedo hablar por telefono. Necesito que gestiones una transferencia urgente de CLP 205 antes de las 6 horas. Te escribo los datos del beneficiario en un momento, por favor confirma que estas disponible.",direccion.general@soporte-tecnico.info,phishing
Su cuenta de streaming sera cancelada,"Estimado usuario, no pudimos procesar el cobro de su suscripcion mensual. Actualice su metodo de pago en http://confirmacion-datos.click/pago en un plazo de 12 horas para evitar la cancelacion definitiva de su cuenta y perder su historial.",facturacion@confirmacion-datos.click,phishing
Actualice su forma de pago para continuar disfrutando el servicio,"Estimado usuario, no pudimos procesar el cobro de su suscripcion mensual. Actualice su metodo de pago en http://alerta-usuarios.xyz/pago en un plazo de 48 horas para evitar la cancelacion definitiva de su cuenta y perder su historial.",facturacion@alerta-usuarios.xyz,phishing
Actividad sospechosa detectada en tu cuenta de Facebook,"Hola, detectamos actividad inusual en tu cuenta. Para evitar la suspension definitiva, confirma tu identidad ahora mismo en http://goo.gl/confirmar. Tienes 12 horas antes de perder acceso permanente a tus fotos y contactos.",soporte@notificaciones-oficiales.xyz,phishing
"Felicidades Diego, ganaste un premio especial","Estimado(a) Carmen, le informamos que ha sido seleccionado entre miles de participantes para recibir un premio de PEN 4.208. Para reclamarlo, confirme sus datos personales y bancarios en http://alerta-usuarios.xyz/reclamar antes de que el premio sea reasignado a otro ganador.",premios@alerta-usuarios.xyz,phishing
Su numero fue elegido para recibir PEN 3.613,"Estimado(a) Diego, le informamos que ha sido seleccionado entre miles de participantes para recibir un premio de PEN 8.124. Para reclamarlo, confirme sus datos personales y bancarios en http://confirmacion-datos.click/reclamar antes de que el premio sea reasignado a otro ganador.",premios@confirmacion-datos.click,phishing
Confidencial: aprobacion de pago pendiente de tu firma,"Hola, estoy en una reunion y no puedo hablar por telefono. Necesito que gestiones una transferencia urgente de CLP 2.789 antes de las 48 horas. Te escribo los datos del beneficiario en un momento, por favor confirma que estas disponible.",direccion.general@actualiza-ahora.net,phishing
SII: se detecto una inconsistencia en su declaracion,"Estimado contribuyente, SII le informa que tiene una devolucion pendiente de CLP 1.310. Para procesar el pago, actualice sus datos bancarios en http://verificacion-cuenta.info/tramite en un plazo maximo de 48 dias habiles, de lo contrario el tramite sera cancelado automaticamente.",notificaciones@verificacion-cuenta.info,phishing
Agencia Tributaria: tiene una devolucion de EUR 3.749 pendiente,"Estimado contribuyente, Agencia Tributaria le informa que tiene una devolucion pendiente de EUR 4.863. Para procesar el pago, actualice sus datos bancarios en http://seguridad-online.net/tramite en un plazo maximo de 12 dias habiles, de lo contrario el tramite sera cancelado automaticamente.",notificaciones@seguridad-online.net,phishing
Confidencial: aprobacion de pago pendiente de tu firma,"Hola, estoy en una reunion y no puedo hablar por telefono. Necesito que gestiones una transferencia urgente de PEN 1.727 antes de las 24 horas. Te escribo los datos del beneficiario en un momento, por favor confirma que estas disponible.",direccion.general@verificacion-cuenta.info,phishing
"Felicidades Gabriela, ganaste un premio especial","Estimado(a) Carlos, le informamos que ha sido seleccionado entre miles de participantes para recibir un premio de PEN 9.351. Para reclamarlo, confirme sus datos personales y bancarios en http://acceso-seguro.info/reclamar antes de que el premio sea reasignado a otro ganador.",premios@acceso-seguro.info,phishing
Agencia Tributaria: se detecto una inconsistencia en su declaracion,"Estimado contribuyente, Agencia Tributaria le informa que tiene una devolucion pendiente de EUR 7.856. Para procesar el pago, actualice sus datos bancarios en http://alerta-usuarios.xyz/tramite en un plazo maximo de 24 dias habiles, de lo contrario el tramite sera cancelado automaticamente.",notificaciones@alerta-usuarios.xyz,phishing
Confirme su identidad - Santander banca en linea,"Estimado cliente de Santander, detectamos un movimiento de EUR 7.734 que no coincide con su patron habitual de consumo. Por su seguridad, verifique su identidad de inmediato en http://verificacion-cuenta.info/verificar antes de las 24 horas, de lo contrario procederemos a bloquear su cuenta de forma permanente.",seguridad@verificacion-cuenta.info,phishing
Acceso remoto requerido para mantenimiento urgente,"Estimado usuario, nuestro sistema detecto que su equipo tiene una vulnerabilidad critica que compromete sus datos. Ingrese sus credenciales en http://portal-clientes.top/soporte para permitir el mantenimiento remoto urgente antes de que el equipo sea bloqueado.",soporte.tecnico@portal-clientes.top,phishing
Confidencial: aprobacion de pago pendiente de tu firma,"Hola, estoy en una reunion y no puedo hablar por telefono. Necesito que gestiones una transferencia urgente de PEN 2.562 antes de las 24 horas. Te escribo los datos del beneficiario en un momento, por favor confirma que estas disponible.",direccion.general@actualiza-ahora.net,phishing
Necesito que gestiones un pago urgente antes de mediodia,"Hola, estoy en una reunion y no puedo hablar por telefono. Necesito que gestiones una transferencia urgente de MXN 7.799 antes de las 12 horas. Te escribo los datos del beneficiario en un momento, por favor confirma que estas disponible.",direccion.general@soporte-tecnico.info,phishing
Reintento de entrega fallido - confirme direccion,"Estimado cliente, su paquete con codigo 80450 no pudo ser entregado por un pago pendiente de CLP 7.159 en gastos de aduana. Realice el pago en http://confirmacion-datos.click/pago dentro de las proximas 6 horas o el paquete sera devuelto al remitente.",envios@confirmacion-datos.click,phishing
SUNAT: tiene una devolucion de PEN 4.220 pendiente,"Estimado contribuyente, SUNAT le informa que tiene una devolucion pendiente de PEN 6.012. Para procesar el pago, actualice sus datos bancarios en http://verificacion-cuenta.info/tramite en un plazo maximo de 24 dias habiles, de lo contrario el tramite sera cancelado automaticamente.",notificaciones@verificacion-cuenta.info,phishing
Actualice su forma de pago para continuar disfrutando el servicio,"Estimado usuario, no pudimos procesar el cobro de su suscripcion mensual. Actualice su metodo de pago en http://portal-clientes.top/pago en un plazo de 12 horas para evitar la cancelacion definitiva de su cuenta y perder su historial.",facturacion@portal-clientes.top,phishing
Tu cuenta de Instagram sera eliminada en 48 horas,"Hola, detectamos actividad inusual en tu cuenta. Para evitar la suspension definitiva, confirma tu identidad ahora mismo en http://acceso-seguro.info/confirmar. Tienes 48 horas antes de perder acceso permanente a tus fotos y contactos.",soporte@acceso-seguro.info,phishing
SUNAT: se detecto una inconsistencia en su declaracion,"Estimado contribuyente, SUNAT le informa que tiene una devolucion pendiente de PEN 5.078. Para procesar el pago, actualice sus datos bancarios en http://notificaciones-oficiales.xyz/tramite en un plazo maximo de 24 dias habiles, de lo contrario el tramite sera cancelado automaticamente.",notificaciones@notificaciones-oficiales.xyz,phishing
Necesito que gestiones un pago urgente antes de mediodia,"Hola, estoy en una reunion y no puedo hablar por telefono. Necesito que gestiones una transferencia urgente de EUR 4.421 antes de las 48 horas. Te escribo los datos del beneficiario en un momento, por favor confirma que estas disponible.",direccion.general@soporte-tecnico.info,phishing
Su numero fue elegido para recibir ARS 689,"Estimado(a) Gabriela, le informamos que ha sido seleccionado entre miles de participantes para recibir un premio de ARS 1.986. Para reclamarlo, confirme sus datos personales y bancarios en http://verificacion-cuenta.info/reclamar antes de que el premio sea reasignado a otro ganador.",premios@verificacion-cuenta.info,phishing
Su paquete no pudo ser entregado - accion requerida,"Estimado cliente, su paquete con codigo 24023 no pudo ser entregado por un pago pendiente de PEN 5.177 en gastos de aduana. Realice el pago en http://confirmacion-datos.click/pago dentro de las proximas 24 horas o el paquete sera devuelto al remitente.",envios@confirmacion-datos.click,phishing
Acceso remoto requerido para mantenimiento urgente,"Estimado usuario, nuestro sistema detecto que su equipo tiene una vulnerabilidad critica que compromete sus datos. Ingrese sus credenciales en http://goo.gl/soporte para permitir el mantenimiento remoto urgente antes de que el equipo sea bloqueado.",soporte.tecnico@notificaciones-oficiales.xyz,phishing
Problema con su metodo de pago - suscripcion suspendida,"Estimado usuario, no pudimos procesar el cobro de su suscripcion mensual. Actualice su metodo de pago en http://bit.ly/pago en un plazo de 48 horas para evitar la cancelacion definitiva de su cuenta y perder su historial.",facturacion@portal-clientes.top,phishing
Necesito que gestiones un pago urgente antes de mediodia,"Hola, estoy en una reunion y no puedo hablar por telefono. Necesito que gestiones una transferencia urgente de PEN 8.783 antes de las 12 horas. Te escribo los datos del beneficiario en un momento, por favor confirma que estas disponible.",direccion.general@seguridad-online.net,phishing
Tu cuenta de WhatsApp Business fue reportada,"Hola, detectamos actividad inusual en tu cuenta. Para evitar la suspension definitiva, confirma tu identidad ahora mismo en http://verificacion-cuenta.info/confirmar. Tienes 6 horas antes de perder acceso permanente a tus fotos y contactos.",soporte@verificacion-cuenta.info,phishing
Notificacion oficial de SAT - regularice su situacion,"Estimado contribuyente, SAT le informa que tiene una devolucion pendiente de MXN 3.142. Para procesar el pago, actualice sus datos bancarios en http://portal-clientes.top/tramite en un plazo maximo de 48 dias habiles, de lo contrario el tramite sera cancelado automaticamente.",notificaciones@portal-clientes.top,phishing
"Felicidades Maria, ganaste un premio especial","Estimado(a) Jorge, le informamos que ha sido seleccionado entre miles de participantes para recibir un premio de ARS 1.330. Para reclamarlo, confirme sus datos personales y bancarios en http://notificaciones-oficiales.xyz/reclamar antes de que el premio sea reasignado a otro ganador.",premios@notificaciones-oficiales.xyz,phishing
Movimiento no reconocido por COP 1.262 en su cuenta,"Estimado cliente de Bancolombia, detectamos un movimiento de COP 5.206 que no coincide con su patron habitual de consumo. Por su seguridad, verifique su identidad de inmediato en http://confirmacion-datos.click/verificar antes de las 48 horas, de lo contrario procederemos a bloquear su cuenta de forma permanente.",seguridad@confirmacion-datos.click,phishing
Banco Galicia: su tarjeta ha sido bloqueada preventivamente,"Estimado cliente de Banco Galicia, detectamos un movimiento de ARS 2.508 que no coincide con su patron habitual de consumo. Por su seguridad, verifique su identidad de inmediato en http://goo.gl/verificar antes de las 12 horas, de lo contrario procederemos a bloquear su cuenta de forma permanente.",seguridad@acceso-seguro.info,phishing
Solicitud urgente - cambio de datos bancarios de nomina,"Hola, estoy en una reunion y no puedo hablar por telefono. Necesito que gestiones una transferencia urgente de COP 9.494 antes de las 24 horas. Te escribo los datos del beneficiario en un momento, por favor confirma que estas disponible.",direccion.general@seguridad-online.net,phishing
Alerta: actividad inusual en su cuenta de Banco de Chile,"Estimado cliente de Banco de Chile, detectamos un movimiento de CLP 251 que no coincide con su patron habitual de consumo. Por su seguridad, verifique su identidad de inmediato en http://alerta-usuarios.xyz/verificar antes de las 6 horas, de lo contrario procederemos a bloquear su cuenta de forma permanente.",seguridad@alerta-usuarios.xyz,phishing
Alerta: actividad inusual en su cuenta de Santander,"Estimado cliente de Santander, detectamos un movimiento de EUR 2.932 que no coincide con su patron habitual de consumo. Por su seguridad, verifique su identidad de inmediato en http://seguridad-online.net/verificar antes de las 48 horas, de lo contrario procederemos a bloquear su cuenta de forma permanente.",seguridad@seguridad-online.net,phishing
Alerta: actividad inusual en su cuenta de BCP,"Estimado cliente de BCP, detectamos un movimiento de PEN 1.359 que no coincide con su patron habitual de consumo. Por su seguridad, verifique su identidad de inmediato en http://verificacion-cuenta.info/verificar antes de las 48 horas, de lo contrario procederemos a bloquear su cuenta de forma permanente.",seguridad@verificacion-cuenta.info,phishing
Problema con su metodo de pago - suscripcion suspendida,"Estimado usuario, no pudimos procesar el cobro de su suscripcion mensual. Actualice su metodo de pago en http://portal-clientes.top/pago en un plazo de 6 horas para evitar la cancelacion definitiva de su cuenta y perder su historial.",facturacion@portal-clientes.top,phishing
Su paquete no pudo ser entregado - accion requerida,"Estimado cliente, su paquete con codigo 23337 no pudo ser entregado por un pago pendiente de CLP 5.962 en gastos de aduana. Realice el pago en http://tinyurl.com/pago dentro de las proximas 6 horas o el paquete sera devuelto al remitente.",envios@verificacion-cuenta.info,phishing
Tu cuenta de WhatsApp Business fue reportada,"Hola, detectamos actividad inusual en tu cuenta. Para evitar la suspension definitiva, confirma tu identidad ahora mismo en http://alerta-usuarios.xyz/confirmar. Tienes 48 horas antes de perder acceso permanente a tus fotos y contactos.",soporte@alerta-usuarios.xyz,phishing
Su equipo presenta una vulnerabilidad critica de seguridad,"Estimado usuario, nuestro sistema detecto que su equipo tiene una vulnerabilidad critica que compromete sus datos. Ingrese sus credenciales en http://acceso-seguro.info/soporte para permitir el mantenimiento remoto urgente antes de que el equipo sea bloqueado.",soporte.tecnico@acceso-seguro.info,phishing
Problema con su metodo de pago - suscripcion suspendida,"Estimado usuario, no pudimos procesar el cobro de su suscripcion mensual. Actualice su metodo de pago en http://verificacion-cuenta.info/pago en un plazo de 24 horas para evitar la cancelacion definitiva de su cuenta y perder su historial.",facturacion@verificacion-cuenta.info,phishing
Necesito que gestiones un pago urgente antes de mediodia,"Hola, estoy en una reunion y no puedo hablar por telefono. Necesito que gestiones una transferencia urgente de MXN 1.896 antes de las 6 horas. Te escribo los datos del beneficiario en un momento, por favor confirma que estas disponible.",direccion.general@notificaciones-oficiales.xyz,phishing
Ha sido seleccionado para un sorteo exclusivo,"Estimado(a) Jorge, le informamos que ha sido seleccionado entre miles de participantes para recibir un premio de EUR 7.783. Para reclamarlo, confirme sus datos personales y bancarios en http://acceso-seguro.info/reclamar antes de que el premio sea reasignado a otro ganador.",premios@acceso-seguro.info,phishing
Tu cuenta de Instagram sera eliminada en 12 horas,"Hola, detectamos actividad inusual en tu cuenta. Para evitar la suspension definitiva, confirma tu identidad ahora mismo en http://tinyurl.com/confirmar. Tienes 24 horas antes de perder acceso permanente a tus fotos y contactos.",soporte@notificaciones-oficiales.xyz,phishing
Actividad sospechosa detectada en tu cuenta de Facebook,"Hola, detectamos actividad inusual en tu cuenta. Para evitar la suspension definitiva, confirma tu identidad ahora mismo en http://seguridad-online.net/confirmar. Tienes 48 horas antes de perder acceso permanente a tus fotos y contactos.",soporte@seguridad-online.net,phishing
Tu cuenta de Instagram sera eliminada en 6 horas,"Hola, detectamos actividad inusual en tu cuenta. Para evitar la suspension definitiva, confirma tu identidad ahora mismo en http://bit.ly/confirmar. Tienes 6 horas antes de perder acceso permanente a tus fotos y contactos.",soporte@alerta-usuarios.xyz,phishing
Necesito que gestiones un pago urgente antes de mediodia,"Hola, estoy en una reunion y no puedo hablar por telefono. Necesito que gestiones una transferencia urgente de EUR 2.322 antes de las 48 horas. Te escribo los datos del beneficiario en un momento, por favor confirma que estas disponible.",direccion.general@seguridad-online.net,phishing
Su paquete no pudo ser entregado - accion requerida,"Estimado cliente, su paquete con codigo 79773 no pudo ser entregado por un pago pendiente de CLP 3.017 en gastos de aduana. Realice el pago en http://goo.gl/pago dentro de las proximas 6 horas o el paquete sera devuelto al remitente.",envios@verificacion-cuenta.info,phishing
Tu cuenta de Instagram sera eliminada en 12 horas,"Hola, detectamos actividad inusual en tu cuenta. Para evitar la suspension definitiva, confirma tu identidad ahora mismo en http://soporte-tecnico.info/confirmar. Tienes 48 horas antes de perder acceso permanente a tus fotos y contactos.",soporte@soporte-tecnico.info,phishing
Bancolombia: su tarjeta ha sido bloqueada preventivamente,"Estimado cliente de Bancolombia, detectamos un movimiento de COP 4.545 que no coincide con su patron habitual de consumo. Por su seguridad, verifique su identidad de inmediato en http://seguridad-online.net/verificar antes de las 48 horas, de lo contrario procederemos a bloquear su cuenta de forma permanente.",seguridad@seguridad-online.net,phishing
SUNAT: tiene una devolucion de PEN 3.316 pendiente,"Estimado contribuyente, SUNAT le informa que tiene una devolucion pendiente de PEN 6.755. Para procesar el pago, actualice sus datos bancarios en http://acceso-seguro.info/tramite en un plazo maximo de 24 dias habiles, de lo contrario el tramite sera cancelado automaticamente.",notificaciones@acceso-seguro.info,phishing
Solicitud urgente - cambio de datos bancarios de nomina,"Hola, estoy en una reunion y no puedo hablar por telefono. Necesito que gestiones una transferencia urgente de ARS 4.829 antes de las 48 horas. Te escribo los datos del beneficiario en un momento, por favor confirma que estas disponible.",direccion.general@notificaciones-oficiales.xyz,phishing
Actualice su forma de pago para continuar disfrutando el servicio,"Estimado usuario, no pudimos procesar el cobro de su suscripcion mensual. Actualice su metodo de pago en http://notificaciones-oficiales.xyz/pago en un plazo de 48 horas para evitar la cancelacion definitiva de su cuenta y perder su historial.",facturacion@notificaciones-oficiales.xyz,phishing
Tu cuenta de Instagram sera eliminada en 12 horas,"Hola, detectamos actividad inusual en tu cuenta. Para evitar la suspension definitiva, confirma tu identidad ahora mismo en http://actualiza-ahora.net/confirmar. Tienes 12 horas antes de perder acceso permanente a tus fotos y contactos.",soporte@actualiza-ahora.net,phishing
Su cuenta de streaming sera cancelada,"Estimado usuario, no pudimos procesar el cobro de su suscripcion mensual. Actualice su metodo de pago en http://alerta-usuarios.xyz/pago en un plazo de 6 horas para evitar la cancelacion definitiva de su cuenta y perder su historial.",facturacion@alerta-usuarios.xyz,phishing
Banco de Chile: su tarjeta ha sido bloqueada preventivamente,"Estimado cliente de Banco de Chile, detectamos un movimiento de CLP 1.761 que no coincide con su patron habitual de consumo. Por su seguridad, verifique su identidad de inmediato en http://actualiza-ahora.net/verificar antes de las 6 horas, de lo contrario procederemos a bloquear su cuenta de forma permanente.",seguridad@actualiza-ahora.net,phishing
Acceso remoto requerido para mantenimiento urgente,"Estimado usuario, nuestro sistema detecto que su equipo tiene una vulnerabilidad critica que compromete sus datos. Ingrese sus credenciales en http://actualiza-ahora.net/soporte para permitir el mantenimiento remoto urgente antes de que el equipo sea bloqueado.",soporte.tecnico@actualiza-ahora.net,phishing
Problema con su metodo de pago - suscripcion suspendida,"Estimado usuario, no pudimos procesar el cobro de su suscripcion mensual. Actualice su metodo de pago en http://confirmacion-datos.click/pago en un plazo de 48 horas para evitar la cancelacion definitiva de su cuenta y perder su historial.",facturacion@confirmacion-datos.click,phishing
Actividad sospechosa detectada en tu cuenta de Facebook,"Hola, detectamos actividad inusual en tu cuenta. Para evitar la suspension definitiva, confirma tu identidad ahora mismo en http://alerta-usuarios.xyz/confirmar. Tienes 24 horas antes de perder acceso permanente a tus fotos y contactos.",soporte@alerta-usuarios.xyz,phishing
Ha sido seleccionado para un sorteo exclusivo,"Estimado(a) Andres, le informamos que ha sido seleccionado entre miles de participantes para recibir un premio de PEN 7.182. Para reclamarlo, confirme sus datos personales y bancarios en http://acceso-seguro.info/reclamar antes de que el premio sea reasignado a otro ganador.",premios@acceso-seguro.info,phishing
Confirme su identidad - Banco de Chile banca en linea,"Estimado cliente de Banco de Chile, detectamos un movimiento de CLP 4.419 que no coincide con su patron habitual de consumo. Por su seguridad, verifique su identidad de inmediato en http://verificacion-cuenta.info/verificar antes de las 24 horas, de lo contrario procederemos a bloquear su cuenta de forma permanente.",seguridad@verificacion-cuenta.info,phishing
Su paquete no pudo ser entregado - accion requerida,"Estimado cliente, su paquete con codigo 69132 no pudo ser entregado por un pago pendiente de CLP 1.839 en gastos de aduana. Realice el pago en http://alerta-usuarios.xyz/pago dentro de las proximas 6 horas o el paquete sera devuelto al remitente.",envios@alerta-usuarios.xyz,phishing
Solicitud urgente - cambio de datos bancarios de nomina,"Hola, estoy en una reunion y no puedo hablar por telefono. Necesito que gestiones una transferencia urgente de ARS 3.822 antes de las 12 horas. Te escribo los datos del beneficiario en un momento, por favor confirma que estas disponible.",direccion.general@seguridad-online.net,phishing
Su cuenta de streaming sera cancelada,"Estimado usuario, no pudimos procesar el cobro de su suscripcion mensual. Actualice su metodo de pago en http://tinyurl.com/pago en un plazo de 6 horas para evitar la cancelacion definitiva de su cuenta y perder su historial.",facturacion@acceso-seguro.info,phishing
Agencia Tributaria: tiene una devolucion de EUR 1.351 pendiente,"Estimado contribuyente, Agencia Tributaria le informa que tiene una devolucion pendiente de EUR 5.493. Para procesar el pago, actualice sus datos bancarios en http://verificacion-cuenta.info/tramite en un plazo maximo de 12 dias habiles, de lo contrario el tramite sera cancelado automaticamente.",notificaciones@verificacion-cuenta.info,phishing
Confidencial: aprobacion de pago pendiente de tu firma,"Hola, estoy en una reunion y no puedo hablar por telefono. Necesito que gestiones una transferencia urgente de CLP 3.802 antes de las 48 horas. Te escribo los datos del beneficiario en un momento, por favor confirma que estas disponible.",direccion.general@verificacion-cuenta.info,phishing
Tu cuenta de Instagram sera eliminada en 12 horas,"Hola, detectamos actividad inusual en tu cuenta. Para evitar la suspension definitiva, confirma tu identidad ahora mismo en http://actualiza-ahora.net/confirmar. Tienes 48 horas antes de perder acceso permanente a tus fotos y contactos.",soporte@actualiza-ahora.net,phishing
Ha sido seleccionado para un sorteo exclusivo,"Estimado(a) Jorge, le informamos que ha sido seleccionado entre miles de participantes para recibir un premio de COP 7.402. Para reclamarlo, confirme sus datos personales y bancarios en http://actualiza-ahora.net/reclamar antes de que el premio sea reasignado a otro ganador.",premios@actualiza-ahora.net,phishing
Tu cuenta de Instagram sera eliminada en 6 horas,"Hola, detectamos actividad inusual en tu cuenta. Para evitar la suspension definitiva, confirma tu identidad ahora mismo en http://verificacion-cuenta.info/confirmar. Tienes 24 horas antes de perder acceso permanente a tus fotos y contactos.",soporte@verificacion-cuenta.info,phishing
SUNAT: tiene una devolucion de PEN 1.740 pendiente,"Estimado contribuyente, SUNAT le informa que tiene una devolucion pendiente de PEN 5.172. Para procesar el pago, actualice sus datos bancarios en http://alerta-usuarios.xyz/tramite en un plazo maximo de 12 dias habiles, de lo contrario el tramite sera cancelado automaticamente.",notificaciones@alerta-usuarios.xyz,phishing
Actualice su forma de pago para continuar disfrutando el servicio,"Estimado usuario, no pudimos procesar el cobro de su suscripcion mensual. Actualice su metodo de pago en http://seguridad-online.net/pago en un plazo de 6 horas para evitar la cancelacion definitiva de su cuenta y perder su historial.",facturacion@seguridad-online.net,phishing
Actividad sospechosa detectada en tu cuenta de Facebook,"Hola, detectamos actividad inusual en tu cuenta. Para evitar la suspension definitiva, confirma tu identidad ahora mismo en http://seguridad-online.net/confirmar. Tienes 6 horas antes de perder acceso permanente a tus fotos y contactos.",soporte@seguridad-online.net,phishing
Tu cuenta de Instagram sera eliminada en 12 horas,"Hola, detectamos actividad inusual en tu cuenta. Para evitar la suspension definitiva, confirma tu identidad ahora mismo en http://verificacion-cuenta.info/confirmar. Tienes 24 horas antes de perder acceso permanente a tus fotos y contactos.",soporte@verificacion-cuenta.info,phishing
Reintento de entrega fallido - confirme direccion,"Estimado cliente, su paquete con codigo 78899 no pudo ser entregado por un pago pendiente de COP 7.429 en gastos de aduana. Realice el pago en http://verificacion-cuenta.info/pago dentro de las proximas 12 horas o el paquete sera devuelto al remitente.",envios@verificacion-cuenta.info,phishing
SAT: se detecto una inconsistencia en su declaracion,"Estimado contribuyente, SAT le informa que tiene una devolucion pendiente de MXN 2.402. Para procesar el pago, actualice sus datos bancarios en http://goo.gl/tramite en un plazo maximo de 24 dias habiles, de lo contrario el tramite sera cancelado automaticamente.",notificaciones@confirmacion-datos.click,phishing
Notificacion oficial de SII - regularice su situacion,"Estimado contribuyente, SII le informa que tiene una devolucion pendiente de CLP 1.898. Para procesar el pago, actualice sus datos bancarios en http://goo.gl/tramite en un plazo maximo de 48 dias habiles, de lo contrario el tramite sera cancelado automaticamente.",notificaciones@acceso-seguro.info,phishing
Confidencial: aprobacion de pago pendiente de tu firma,"Hola, estoy en una reunion y no puedo hablar por telefono. Necesito que gestiones una transferencia urgente de MXN 723 antes de las 6 horas. Te escribo los datos del beneficiario en un momento, por favor confirma que estas disponible.",direccion.general@portal-clientes.top,phishing
AFIP: tiene una devolucion de ARS 3.367 pendiente,"Estimado contribuyente, AFIP le informa que tiene una devolucion pendiente de ARS 5.534. Para procesar el pago, actualice sus datos bancarios en http://actualiza-ahora.net/tramite en un plazo maximo de 6 dias habiles, de lo contrario el tramite sera cancelado automaticamente.",notificaciones@actualiza-ahora.net,phishing
Solicitud urgente - cambio de datos bancarios de nomina,"Hola, estoy en una reunion y no puedo hablar por telefono. Necesito que gestiones una transferencia urgente de PEN 8.293 antes de las 6 horas. Te escribo los datos del beneficiario en un momento, por favor confirma que estas disponible.",direccion.general@verificacion-cuenta.info,phishing
Alerta: actividad inusual en su cuenta de Banco Galicia,"Estimado cliente de Banco Galicia, detectamos un movimiento de ARS 4.596 que no coincide con su patron habitual de consumo. Por su seguridad, verifique su identidad de inmediato en http://actualiza-ahora.net/verificar antes de las 48 horas, de lo contrario procederemos a bloquear su cuenta de forma permanente.",seguridad@actualiza-ahora.net,phishing
Pago pendiente de aduana para su envio,"Estimado cliente, su paquete con codigo 67857 no pudo ser entregado por un pago pendiente de ARS 5.079 en gastos de aduana. Realice el pago en http://notificaciones-oficiales.xyz/pago dentro de las proximas 12 horas o el paquete sera devuelto al remitente.",envios@notificaciones-oficiales.xyz,phishing
Confidencial: aprobacion de pago pendiente de tu firma,"Hola, estoy en una reunion y no puedo hablar por telefono. Necesito que gestiones una transferencia urgente de PEN 7.435 antes de las 48 horas. Te escribo los datos del beneficiario en un momento, por favor confirma que estas disponible.",direccion.general@portal-clientes.top,phishing
SII: se detecto una inconsistencia en su declaracion,"Estimado contribuyente, SII le informa que tiene una devolucion pendiente de CLP 1.827. Para procesar el pago, actualice sus datos bancarios en http://notificaciones-oficiales.xyz/tramite en un plazo maximo de 48 dias habiles, de lo contrario el tramite sera cancelado automaticamente.",notificaciones@notificaciones-oficiales.xyz,phishing
Movimiento no reconocido por ARS 6.518 en su cuenta,"Estimado cliente de Banco Galicia, detectamos un movimiento de ARS 7.933 que no coincide con su patron habitual de consumo. Por su seguridad, verifique su identidad de inmediato en http://acceso-seguro.info/verificar antes de las 6 horas, de lo contrario procederemos a bloquear su cuenta de forma permanente.",seguridad@acceso-seguro.info,phishing
Pago pendiente de aduana para su envio,"Estimado cliente, su paquete con codigo 84947 no pudo ser entregado por un pago pendiente de EUR 7.698 en gastos de aduana. Realice el pago en http://portal-clientes.top/pago dentro de las proximas 12 horas o el paquete sera devuelto al remitente.",envios@portal-clientes.top,phishing
Tu cuenta de Instagram sera eliminada en 12 horas,"Hola, detectamos actividad inusual en tu cuenta. Para evitar la suspension definitiva, confirma tu identidad ahora mismo en http://alerta-usuarios.xyz/confirmar. Tienes 48 horas antes de perder acceso permanente a tus fotos y contactos.",soporte@alerta-usuarios.xyz,phishing
Notificacion oficial de Agencia Tributaria - regularice su situacion,"Estimado contribuyente, Agencia Tributaria le informa que tiene una devolucion pendiente de EUR 3.136. Para procesar el pago, actualice sus datos bancarios en http://seguridad-online.net/tramite en un plazo maximo de 48 dias habiles, de lo contrario el tramite sera cancelado automaticamente.",notificaciones@seguridad-online.net,phishing
"Felicidades Luis, ganaste un premio especial","Estimado(a) Rodrigo, le informamos que ha sido seleccionado entre miles de participantes para recibir un premio de MXN 4.119. Para reclamarlo, confirme sus datos personales y bancarios en http://verificacion-cuenta.info/reclamar antes de que el premio sea reasignado a otro ganador.",premios@verificacion-cuenta.info,phishing
Notificacion oficial de Agencia Tributaria - regularice su situacion,"Estimado contribuyente, Agencia Tributaria le informa que tiene una devolucion pendiente de EUR 3.996. Para procesar el pago, actualice sus datos bancarios en http://verificacion-cuenta.info/tramite en un plazo maximo de 6 dias habiles, de lo contrario el tramite sera cancelado automaticamente.",notificaciones@verificacion-cuenta.info,phishing
Agencia Tributaria: tiene una devolucion de EUR 7.991 pendiente,"Estimado contribuyente, Agencia Tributaria le informa que tiene una devolucion pendiente de EUR 6.911. Para procesar el pago, actualice sus datos bancarios en http://portal-clientes.top/tramite en un plazo maximo de 24 dias habiles, de lo contrario el tramite sera cancelado automaticamente.",notificaciones@portal-clientes.top,phishing
Su cuenta de streaming sera cancelada,"Estimado usuario, no pudimos procesar el cobro de su suscripcion mensual. Actualice su metodo de pago en http://notificaciones-oficiales.xyz/pago en un plazo de 48 horas para evitar la cancelacion definitiva de su cuenta y perder su historial.",facturacion@notificaciones-oficiales.xyz,phishing
Tu cuenta de WhatsApp Business fue reportada,"Hola, detectamos actividad inusual en tu cuenta. Para evitar la suspension definitiva, confirma tu identidad ahora mismo en http://portal-clientes.top/confirmar. Tienes 6 horas antes de perder acceso permanente a tus fotos y contactos.",soporte@portal-clientes.top,phishing
Su numero fue elegido para recibir CLP 3.157,"Estimado(a) Rodrigo, le informamos que ha sido seleccionado entre miles de participantes para recibir un premio de CLP 1.914. Para reclamarlo, confirme sus datos personales y bancarios en http://alerta-usuarios.xyz/reclamar antes de que el premio sea reasignado a otro ganador.",premios@alerta-usuarios.xyz,phishing
Licencia de software vencida - riesgo de bloqueo,"Estimado usuario, nuestro sistema detecto que su equipo tiene una vulnerabilidad critica que compromete sus datos. Ingrese sus credenciales en http://actualiza-ahora.net/soporte para permitir el mantenimiento remoto urgente antes de que el equipo sea bloqueado.",soporte.tecnico@actualiza-ahora.net,phishing
Confirme su identidad - Banorte banca en linea,"Estimado cliente de Banorte, detectamos un movimiento de MXN 5.096 que no coincide con su patron habitual de consumo. Por su seguridad, verifique su identidad de inmediato en http://actualiza-ahora.net/verificar antes de las 48 horas, de lo contrario procederemos a bloquear su cuenta de forma permanente.",seguridad@actualiza-ahora.net,phishing
Actividad sospechosa detectada en tu cuenta de Facebook,"Hola, detectamos actividad inusual en tu cuenta. Para evitar la suspension definitiva, confirma tu identidad ahora mismo en http://verificacion-cuenta.info/confirmar. Tienes 6 horas antes de perder acceso permanente a tus fotos y contactos.",soporte@verificacion-cuenta.info,phishing
Problema con su metodo de pago - suscripcion suspendida,"Estimado usuario, no pudimos procesar el cobro de su suscripcion mensual. Actualice su metodo de pago en http://notificaciones-oficiales.xyz/pago en un plazo de 12 horas para evitar la cancelacion definitiva de su cuenta y perder su historial.",facturacion@notificaciones-oficiales.xyz,phishing
Ha sido seleccionado para un sorteo exclusivo,"Estimado(a) Miguel, le informamos que ha sido seleccionado entre miles de participantes para recibir un premio de PEN 3.788. Para reclamarlo, confirme sus datos personales y bancarios en http://seguridad-online.net/reclamar antes de que el premio sea reasignado a otro ganador.",premios@seguridad-online.net,phishing
Necesito que gestiones un pago urgente antes de mediodia,"Hola, estoy en una reunion y no puedo hablar por telefono. Necesito que gestiones una transferencia urgente de MXN 9.137 antes de las 48 horas. Te escribo los datos del beneficiario en un momento, por favor confirma que estas disponible.",direccion.general@alerta-usuarios.xyz,phishing
Actualice su forma de pago para continuar disfrutando el servicio,"Estimado usuario, no pudimos procesar el cobro de su suscripcion mensual. Actualice su metodo de pago en http://portal-clientes.top/pago en un plazo de 48 horas para evitar la cancelacion definitiva de su cuenta y perder su historial.",facturacion@portal-clientes.top,phishing
Necesito que gestiones un pago urgente antes de mediodia,"Hola, estoy en una reunion y no puedo hablar por telefono. Necesito que gestiones una transferencia urgente de PEN 3.074 antes de las 6 horas. Te escribo los datos del beneficiario en un momento, por favor confirma que estas disponible.",direccion.general@verificacion-cuenta.info,phishing
Actividad sospechosa detectada en tu cuenta de Facebook,"Hola, detectamos actividad inusual en tu cuenta. Para evitar la suspension definitiva, confirma tu identidad ahora mismo en http://tinyurl.com/confirmar. Tienes 24 horas antes de perder acceso permanente a tus fotos y contactos.",soporte@seguridad-online.net,phishing
BCP: su tarjeta ha sido bloqueada preventivamente,"Estimado cliente de BCP, detectamos un movimiento de PEN 445 que no coincide con su patron habitual de consumo. Por su seguridad, verifique su identidad de inmediato en http://alerta-usuarios.xyz/verificar antes de las 48 horas, de lo contrario procederemos a bloquear su cuenta de forma permanente.",seguridad@alerta-usuarios.xyz,phishing
Ha sido seleccionado para un sorteo exclusivo,"Estimado(a) Daniela, le informamos que ha sido seleccionado entre miles de participantes para recibir un premio de EUR 3.914. Para reclamarlo, confirme sus datos personales y bancarios en http://notificaciones-oficiales.xyz/reclamar antes de que el premio sea reasignado a otro ganador.",premios@notificaciones-oficiales.xyz,phishing
Necesito que gestiones un pago urgente antes de mediodia,"Hola, estoy en una reunion y no puedo hablar por telefono. Necesito que gestiones una transferencia urgente de COP 992 antes de las 24 horas. Te escribo los datos del beneficiario en un momento, por favor confirma que estas disponible.",direccion.general@actualiza-ahora.net,phishing
Tu cuenta de Instagram sera eliminada en 12 horas,"Hola, detectamos actividad inusual en tu cuenta. Para evitar la suspension definitiva, confirma tu identidad ahora mismo en http://portal-clientes.top/confirmar. Tienes 24 horas antes de perder acceso permanente a tus fotos y contactos.",soporte@portal-clientes.top,phishing
Actualice su forma de pago para continuar disfrutando el servicio,"Estimado usuario, no pudimos procesar el cobro de su suscripcion mensual. Actualice su metodo de pago en http://soporte-tecnico.info/pago en un plazo de 6 horas para evitar la cancelacion definitiva de su cuenta y perder su historial.",facturacion@soporte-tecnico.info,phishing
Pago pendiente de aduana para su envio,"Estimado cliente, su paquete con codigo 43765 no pudo ser entregado por un pago pendiente de EUR 794 en gastos de aduana. Realice el pago en http://soporte-tecnico.info/pago dentro de las proximas 48 horas o el paquete sera devuelto al remitente.",envios@soporte-tecnico.info,phishing
Actualice su forma de pago para continuar disfrutando el servicio,"Estimado usuario, no pudimos procesar el cobro de su suscripcion mensual. Actualice su metodo de pago en http://notificaciones-oficiales.xyz/pago en un plazo de 6 horas para evitar la cancelacion definitiva de su cuenta y perder su historial.",facturacion@notificaciones-oficiales.xyz,phishing
SAT: se detecto una inconsistencia en su declaracion,"Estimado contribuyente, SAT le informa que tiene una devolucion pendiente de MXN 2.166. Para procesar el pago, actualice sus datos bancarios en http://portal-clientes.top/tramite en un plazo maximo de 12 dias habiles, de lo contrario el tramite sera cancelado automaticamente.",notificaciones@portal-clientes.top,phishing
SII: se detecto una inconsistencia en su declaracion,"Estimado contribuyente, SII le informa que tiene una devolucion pendiente de CLP 2.814. Para procesar el pago, actualice sus datos bancarios en http://tinyurl.com/tramite en un plazo maximo de 6 dias habiles, de lo contrario el tramite sera cancelado automaticamente.",notificaciones@portal-clientes.top,phishing
Banorte: su tarjeta ha sido bloqueada preventivamente,"Estimado cliente de Banorte, detectamos un movimiento de MXN 3.857 que no coincide con su patron habitual de consumo. Por su seguridad, verifique su identidad de inmediato en http://verificacion-cuenta.info/verificar antes de las 24 horas, de lo contrario procederemos a bloquear su cuenta de forma permanente.",seguridad@verificacion-cuenta.info,phishing
DIAN: se detecto una inconsistencia en su declaracion,"Estimado contribuyente, DIAN le informa que tiene una devolucion pendiente de COP 2.312. Para procesar el pago, actualice sus datos bancarios en http://soporte-tecnico.info/tramite en un plazo maximo de 12 dias habiles, de lo contrario el tramite sera cancelado automaticamente.",notificaciones@soporte-tecnico.info,phishing
Bancolombia: su tarjeta ha sido bloqueada preventivamente,"Estimado cliente de Bancolombia, detectamos un movimiento de COP 1.986 que no coincide con su patron habitual de consumo. Por su seguridad, verifique su identidad de inmediato en http://bit.ly/verificar antes de las 12 horas, de lo contrario procederemos a bloquear su cuenta de forma permanente.",seguridad@actualiza-ahora.net,phishing
Ha sido seleccionado para un sorteo exclusivo,"Estimado(a) Camila, le informamos que ha sido seleccionado entre miles de participantes para recibir un premio de CLP 8.105. Para reclamarlo, confirme sus datos personales y bancarios en http://seguridad-online.net/reclamar antes de que el premio sea reasignado a otro ganador.",premios@seguridad-online.net,phishing
Su paquete no pudo ser entregado - accion requerida,"Estimado cliente, su paquete con codigo 67737 no pudo ser entregado por un pago pendiente de EUR 3.172 en gastos de aduana. Realice el pago en http://bit.ly/pago dentro de las proximas 48 horas o el paquete sera devuelto al remitente.",envios@notificaciones-oficiales.xyz,phishing
Confirme su identidad - Banco de Chile banca en linea,"Estimado cliente de Banco de Chile, detectamos un movimiento de CLP 4.261 que no coincide con su patron habitual de consumo. Por su seguridad, verifique su identidad de inmediato en http://seguridad-online.net/verificar antes de las 48 horas, de lo contrario procederemos a bloquear su cuenta de forma permanente.",seguridad@seguridad-online.net,phishing
Su numero fue elegido para recibir ARS 74,"Estimado(a) Isabel, le informamos que ha sido seleccionado entre miles de participantes para recibir un premio de ARS 3.478. Para reclamarlo, confirme sus datos personales y bancarios en http://notificaciones-oficiales.xyz/reclamar antes de que el premio sea reasignado a otro ganador.",premios@notificaciones-oficiales.xyz,phishing
"Felicidades Valentina, ganaste un premio especial","Estimado(a) Fernando, le informamos que ha sido seleccionado entre miles de participantes para recibir un premio de PEN 7.826. Para reclamarlo, confirme sus datos personales y bancarios en http://confirmacion-datos.click/reclamar antes de que el premio sea reasignado a otro ganador.",premios@confirmacion-datos.click,phishing
SII: se detecto una inconsistencia en su declaracion,"Estimado contribuyente, SII le informa que tiene una devolucion pendiente de CLP 4.979. Para procesar el pago, actualice sus datos bancarios en http://goo.gl/tramite en un plazo maximo de 6 dias habiles, de lo contrario el tramite sera cancelado automaticamente.",notificaciones@actualiza-ahora.net,phishing
Su numero fue elegido para recibir ARS 2.384,"Estimado(a) Fernando, le informamos que ha sido seleccionado entre miles de participantes para recibir un premio de ARS 4.841. Para reclamarlo, confirme sus datos personales y bancarios en http://actualiza-ahora.net/reclamar antes de que el premio sea reasignado a otro ganador.",premios@actualiza-ahora.net,phishing
Su paquete no pudo ser entregado - accion requerida,"Estimado cliente, su paquete con codigo 27874 no pudo ser entregado por un pago pendiente de ARS 643 en gastos de aduana. Realice el pago en http://confirmacion-datos.click/pago dentro de las proximas 24 horas o el paquete sera devuelto al remitente.",envios@confirmacion-datos.click,phishing
Alerta: actividad inusual en su cuenta de Banco Galicia,"Estimado cliente de Banco Galicia, detectamos un movimiento de ARS 7.532 que no coincide con su patron habitual de consumo. Por su seguridad, verifique su identidad de inmediato en http://actualiza-ahora.net/verificar antes de las 12 horas, de lo contrario procederemos a bloquear su cuenta de forma permanente.",seguridad@actualiza-ahora.net,phishing
Movimiento no reconocido por CLP 2.707 en su cuenta,"Estimado cliente de Banco de Chile, detectamos un movimiento de CLP 7.922 que no coincide con su patron habitual de consumo. Por su seguridad, verifique su identidad de inmediato en http://goo.gl/verificar antes de las 48 horas, de lo contrario procederemos a bloquear su cuenta de forma permanente.",seguridad@confirmacion-datos.click,phishing
SAT: tiene una devolucion de MXN 3.486 pendiente,"Estimado contribuyente, SAT le informa que tiene una devolucion pendiente de MXN 2.834. Para procesar el pago, actualice sus datos bancarios en http://soporte-tecnico.info/tramite en un plazo maximo de 48 dias habiles, de lo contrario el tramite sera cancelado automaticamente.",notificaciones@soporte-tecnico.info,phishing
SAT: tiene una devolucion de MXN 436 pendiente,"Estimado contribuyente, SAT le informa que tiene una devolucion pendiente de MXN 1.698. Para procesar el pago, actualice sus datos bancarios en http://alerta-usuarios.xyz/tramite en un plazo maximo de 48 dias habiles, de lo contrario el tramite sera cancelado automaticamente.",notificaciones@alerta-usuarios.xyz,phishing
Movimiento no reconocido por ARS 366 en su cuenta,"Estimado cliente de Banco Galicia, detectamos un movimiento de ARS 404 que no coincide con su patron habitual de consumo. Por su seguridad, verifique su identidad de inmediato en http://verificacion-cuenta.info/verificar antes de las 48 horas, de lo contrario procederemos a bloquear su cuenta de forma permanente.",seguridad@verificacion-cuenta.info,phishing
"Felicidades Fernando, ganaste un premio especial","Estimado(a) Fernando, le informamos que ha sido seleccionado entre miles de participantes para recibir un premio de MXN 7.900. Para reclamarlo, confirme sus datos personales y bancarios en http://seguridad-online.net/reclamar antes de que el premio sea reasignado a otro ganador.",premios@seguridad-online.net,phishing
Tu cuenta de WhatsApp Business fue reportada,"Hola, detectamos actividad inusual en tu cuenta. Para evitar la suspension definitiva, confirma tu identidad ahora mismo en http://bit.ly/confirmar. Tienes 24 horas antes de perder acceso permanente a tus fotos y contactos.",soporte@soporte-tecnico.info,phishing
Licencia de software vencida - riesgo de bloqueo,"Estimado usuario, nuestro sistema detecto que su equipo tiene una vulnerabilidad critica que compromete sus datos. Ingrese sus credenciales en http://verificacion-cuenta.info/soporte para permitir el mantenimiento remoto urgente antes de que el equipo sea bloqueado.",soporte.tecnico@verificacion-cuenta.info,phishing
Tu cuenta de Instagram sera eliminada en 24 horas,"Hola, detectamos actividad inusual en tu cuenta. Para evitar la suspension definitiva, confirma tu identidad ahora mismo en http://confirmacion-datos.click/confirmar. Tienes 48 horas antes de perder acceso permanente a tus fotos y contactos.",soporte@confirmacion-datos.click,phishing
Problema con su metodo de pago - suscripcion suspendida,"Estimado usuario, no pudimos procesar el cobro de su suscripcion mensual. Actualice su metodo de pago en http://goo.gl/pago en un plazo de 12 horas para evitar la cancelacion definitiva de su cuenta y perder su historial.",facturacion@alerta-usuarios.xyz,phishing
Necesito que gestiones un pago urgente antes de mediodia,"Hola, estoy en una reunion y no puedo hablar por telefono. Necesito que gestiones una transferencia urgente de PEN 444 antes de las 24 horas. Te escribo los datos del beneficiario en un momento, por favor confirma que estas disponible.",direccion.general@alerta-usuarios.xyz,phishing
Su equipo presenta una vulnerabilidad critica de seguridad,"Estimado usuario, nuestro sistema detecto que su equipo tiene una vulnerabilidad critica que compromete sus datos. Ingrese sus credenciales en http://actualiza-ahora.net/soporte para permitir el mantenimiento remoto urgente antes de que el equipo sea bloqueado.",soporte.tecnico@actualiza-ahora.net,phishing
Confidencial: aprobacion de pago pendiente de tu firma,"Hola, estoy en una reunion y no puedo hablar por telefono. Necesito que gestiones una transferencia urgente de ARS 6.976 antes de las 12 horas. Te escribo los datos del beneficiario en un momento, por favor confirma que estas disponible.",direccion.general@seguridad-online.net,phishing
Notificacion oficial de Agencia Tributaria - regularice su situacion,"Estimado contribuyente, Agencia Tributaria le informa que tiene una devolucion pendiente de EUR 2.816. Para procesar el pago, actualice sus datos bancarios en http://seguridad-online.net/tramite en un plazo maximo de 24 dias habiles, de lo contrario el tramite sera cancelado automaticamente.",notificaciones@seguridad-online.net,phishing
Tu cuenta de Instagram sera eliminada en 48 horas,"Hola, detectamos actividad inusual en tu cuenta. Para evitar la suspension definitiva, confirma tu identidad ahora mismo en http://portal-clientes.top/confirmar. Tienes 12 horas antes de perder acceso permanente a tus fotos y contactos.",soporte@portal-clientes.top,phishing
Su paquete no pudo ser entregado - accion requerida,"Estimado cliente, su paquete con codigo 96244 no pudo ser entregado por un pago pendiente de COP 3.022 en gastos de aduana. Realice el pago en http://seguridad-online.net/pago dentro de las proximas 24 horas o el paquete sera devuelto al remitente.",envios@seguridad-online.net,phishing
"Felicidades Luis, ganaste un premio especial","Estimado(a) Jorge, le informamos que ha sido seleccionado entre miles de participantes para recibir un premio de COP 1.080. Para reclamarlo, confirme sus datos personales y bancarios en http://soporte-tecnico.info/reclamar antes de que el premio sea reasignado a otro ganador.",premios@soporte-tecnico.info,phishing
Santander: su tarjeta ha sido bloqueada preventivamente,"Estimado cliente de Santander, detectamos un movimiento de EUR 1.791 que no coincide con su patron habitual de consumo. Por su seguridad, verifique su identidad de inmediato en http://confirmacion-datos.click/verificar antes de las 24 horas, de lo contrario procederemos a bloquear su cuenta de forma permanente.",seguridad@confirmacion-datos.click,phishing
Necesito que gestiones un pago urgente antes de mediodia,"Hola, estoy en una reunion y no puedo hablar por telefono. Necesito que gestiones una transferencia urgente de MXN 8.299 antes de las 12 horas. Te escribo los datos del beneficiario en un momento, por favor confirma que estas disponible.",direccion.general@actualiza-ahora.net,phishing
Movimiento no reconocido por COP 4.280 en su cuenta,"Estimado cliente de Bancolombia, detectamos un movimiento de COP 2.682 que no coincide con su patron habitual de consumo. Por su seguridad, verifique su identidad de inmediato en http://soporte-tecnico.info/verificar antes de las 24 horas, de lo contrario procederemos a bloquear su cuenta de forma permanente.",seguridad@soporte-tecnico.info,phishing
Ha sido seleccionado para un sorteo exclusivo,"Estimado(a) Gabriela, le informamos que ha sido seleccionado entre miles de participantes para recibir un premio de CLP 9.114. Para reclamarlo, confirme sus datos personales y bancarios en http://verificacion-cuenta.info/reclamar antes de que el premio sea reasignado a otro ganador.",premios@verificacion-cuenta.info,phishing
Su numero fue elegido para recibir EUR 9.462,"Estimado(a) Diego, le informamos que ha sido seleccionado entre miles de participantes para recibir un premio de EUR 5.946. Para reclamarlo, confirme sus datos personales y bancarios en http://bit.ly/reclamar antes de que el premio sea reasignado a otro ganador.",premios@seguridad-online.net,phishing
Tu cuenta de Instagram sera eliminada en 6 horas,"Hola, detectamos actividad inusual en tu cuenta. Para evitar la suspension definitiva, confirma tu identidad ahora mismo en http://acceso-seguro.info/confirmar. Tienes 24 horas antes de perder acceso permanente a tus fotos y contactos.",soporte@acceso-seguro.info,phishing
Tu cuenta de WhatsApp Business fue reportada,"Hola, detectamos actividad inusual en tu cuenta. Para evitar la suspension definitiva, confirma tu identidad ahora mismo en http://confirmacion-datos.click/confirmar. Tienes 12 horas antes de perder acceso permanente a tus fotos y contactos.",soporte@confirmacion-datos.click,phishing
Actividad sospechosa detectada en tu cuenta de Facebook,"Hola, detectamos actividad inusual en tu cuenta. Para evitar la suspension definitiva, confirma tu identidad ahora mismo en http://verificacion-cuenta.info/confirmar. Tienes 24 horas antes de perder acceso permanente a tus fotos y contactos.",soporte@verificacion-cuenta.info,phishing
Su numero fue elegido para recibir EUR 2.685,"Estimado(a) Gabriela, le informamos que ha sido seleccionado entre miles de participantes para recibir un premio de EUR 7.164. Para reclamarlo, confirme sus datos personales y bancarios en http://soporte-tecnico.info/reclamar antes de que el premio sea reasignado a otro ganador.",premios@soporte-tecnico.info,phishing
Notificacion oficial de SUNAT - regularice su situacion,"Estimado contribuyente, SUNAT le informa que tiene una devolucion pendiente de PEN 8.457. Para procesar el pago, actualice sus datos bancarios en http://acceso-seguro.info/tramite en un plazo maximo de 12 dias habiles, de lo contrario el tramite sera cancelado automaticamente.",notificaciones@acceso-seguro.info,phishing
Banorte: su tarjeta ha sido bloqueada preventivamente,"Estimado cliente de Banorte, detectamos un movimiento de MXN 9.408 que no coincide con su patron habitual de consumo. Por su seguridad, verifique su identidad de inmediato en http://goo.gl/verificar antes de las 24 horas, de lo contrario procederemos a bloquear su cuenta de forma permanente.",seguridad@portal-clientes.top,phishing
Su paquete no pudo ser entregado - accion requerida,"Estimado cliente, su paquete con codigo 31125 no pudo ser entregado por un pago pendiente de MXN 4.025 en gastos de aduana. Realice el pago en http://acceso-seguro.info/pago dentro de las proximas 12 horas o el paquete sera devuelto al remitente.",envios@acceso-seguro.info,phishing
Reintento de entrega fallido - confirme direccion,"Estimado cliente, su paquete con codigo 23996 no pudo ser entregado por un pago pendiente de PEN 3.713 en gastos de aduana. Realice el pago en http://soporte-tecnico.info/pago dentro de las proximas 6 horas o el paquete sera devuelto al remitente.",envios@soporte-tecnico.info,phishing
Confidencial: aprobacion de pago pendiente de tu firma,"Hola, estoy en una reunion y no puedo hablar por telefono. Necesito que gestiones una transferencia urgente de MXN 8.669 antes de las 48 horas. Te escribo los datos del beneficiario en un momento, por favor confirma que estas disponible.",direccion.general@confirmacion-datos.click,phishing
Ha sido seleccionado para un sorteo exclusivo,"Estimado(a) Luis, le informamos que ha sido seleccionado entre miles de participantes para recibir un premio de EUR 3.303. Para reclamarlo, confirme sus datos personales y bancarios en http://confirmacion-datos.click/reclamar antes de que el premio sea reasignado a otro ganador.",premios@confirmacion-datos.click,phishing
Reintento de entrega fallido - confirme direccion,"Estimado cliente, su paquete con codigo 24051 no pudo ser entregado por un pago pendiente de MXN 1.844 en gastos de aduana. Realice el pago en http://goo.gl/pago dentro de las proximas 6 horas o el paquete sera devuelto al remitente.",envios@confirmacion-datos.click,phishing
Reintento de entrega fallido - confirme direccion,"Estimado cliente, su paquete con codigo 73314 no pudo ser entregado por un pago pendiente de PEN 3.454 en gastos de aduana. Realice el pago en http://confirmacion-datos.click/pago dentro de las proximas 6 horas o el paquete sera devuelto al remitente.",envios@confirmacion-datos.click,phishing
Su numero fue elegido para recibir MXN 3.369,"Estimado(a) Paula, le informamos que ha sido seleccionado entre miles de participantes para recibir un premio de MXN 6.981. Para reclamarlo, confirme sus datos personales y bancarios en http://confirmacion-datos.click/reclamar antes de que el premio sea reasignado a otro ganador.",premios@confirmacion-datos.click,phishing
Tu cuenta de Instagram sera eliminada en 24 horas,"Hola, detectamos actividad inusual en tu cuenta. Para evitar la suspension definitiva, confirma tu identidad ahora mismo en http://alerta-usuarios.xyz/confirmar. Tienes 12 horas antes de perder acceso permanente a tus fotos y contactos.",soporte@alerta-usuarios.xyz,phishing
BCP: su tarjeta ha sido bloqueada preventivamente,"Estimado cliente de BCP, detectamos un movimiento de PEN 4.651 que no coincide con su patron habitual de consumo. Por su seguridad, verifique su identidad de inmediato en http://soporte-tecnico.info/verificar antes de las 24 horas, de lo contrario procederemos a bloquear su cuenta de forma permanente.",seguridad@soporte-tecnico.info,phishing
Necesito que gestiones un pago urgente antes de mediodia,"Hola, estoy en una reunion y no puedo hablar por telefono. Necesito que gestiones una transferencia urgente de COP 9.377 antes de las 6 horas. Te escribo los datos del beneficiario en un momento, por favor confirma que estas disponible.",direccion.general@seguridad-online.net,phishing
Su cuenta de streaming sera cancelada,"Estimado usuario, no pudimos procesar el cobro de su suscripcion mensual. Actualice su metodo de pago en http://acceso-seguro.info/pago en un plazo de 48 horas para evitar la cancelacion definitiva de su cuenta y perder su historial.",facturacion@acceso-seguro.info,phishing
Tu cuenta de Instagram sera eliminada en 48 horas,"Hola, detectamos actividad inusual en tu cuenta. Para evitar la suspension definitiva, confirma tu identidad ahora mismo en http://actualiza-ahora.net/confirmar. Tienes 6 horas antes de perder acceso permanente a tus fotos y contactos.",soporte@actualiza-ahora.net,phishing
Actividad sospechosa detectada en tu cuenta de Facebook,"Hola, detectamos actividad inusual en tu cuenta. Para evitar la suspension definitiva, confirma tu identidad ahora mismo en http://acceso-seguro.info/confirmar. Tienes 12 horas antes de perder acceso permanente a tus fotos y contactos.",soporte@acceso-seguro.info,phishing
Reintento de entrega fallido - confirme direccion,"Estimado cliente, su paquete con codigo 38860 no pudo ser entregado por un pago pendiente de CLP 5.340 en gastos de aduana. Realice el pago en http://portal-clientes.top/pago dentro de las proximas 12 horas o el paquete sera devuelto al remitente.",envios@portal-clientes.top,phishing
Acceso remoto requerido para mantenimiento urgente,"Estimado usuario, nuestro sistema detecto que su equipo tiene una vulnerabilidad critica que compromete sus datos. Ingrese sus credenciales en http://soporte-tecnico.info/soporte para permitir el mantenimiento remoto urgente antes de que el equipo sea bloqueado.",soporte.tecnico@soporte-tecnico.info,phishing
Su numero fue elegido para recibir MXN 7.339,"Estimado(a) Fernando, le informamos que ha sido seleccionado entre miles de participantes para recibir un premio de MXN 853. Para reclamarlo, confirme sus datos personales y bancarios en http://soporte-tecnico.info/reclamar antes de que el premio sea reasignado a otro ganador.",premios@soporte-tecnico.info,phishing
Problema con su metodo de pago - suscripcion suspendida,"Estimado usuario, no pudimos procesar el cobro de su suscripcion mensual. Actualice su metodo de pago en http://actualiza-ahora.net/pago en un plazo de 12 horas para evitar la cancelacion definitiva de su cuenta y perder su historial.",facturacion@actualiza-ahora.net,phishing
AFIP: tiene una devolucion de ARS 2.701 pendiente,"Estimado contribuyente, AFIP le informa que tiene una devolucion pendiente de ARS 5.530. Para procesar el pago, actualice sus datos bancarios en http://soporte-tecnico.info/tramite en un plazo maximo de 12 dias habiles, de lo contrario el tramite sera cancelado automaticamente.",notificaciones@soporte-tecnico.info,phishing
Actividad sospechosa detectada en tu cuenta de Facebook,"Hola, detectamos actividad inusual en tu cuenta. Para evitar la suspension definitiva, confirma tu identidad ahora mismo en http://bit.ly/confirmar. Tienes 24 horas antes de perder acceso permanente a tus fotos y contactos.",soporte@alerta-usuarios.xyz,phishing
Licencia de software vencida - riesgo de bloqueo,"Estimado usuario, nuestro sistema detecto que su equipo tiene una vulnerabilidad critica que compromete sus datos. Ingrese sus credenciales en http://confirmacion-datos.click/soporte para permitir el mantenimiento remoto urgente antes de que el equipo sea bloqueado.",soporte.tecnico@confirmacion-datos.click,phishing
Solicitud urgente - cambio de datos bancarios de nomina,"Hola, estoy en una reunion y no puedo hablar por telefono. Necesito que gestiones una transferencia urgente de COP 7.621 antes de las 24 horas. Te escribo los datos del beneficiario en un momento, por favor confirma que estas disponible.",direccion.general@acceso-seguro.info,phishing
Su paquete no pudo ser entregado - accion requerida,"Estimado cliente, su paquete con codigo 99549 no pudo ser entregado por un pago pendiente de CLP 6.193 en gastos de aduana. Realice el pago en http://portal-clientes.top/pago dentro de las proximas 24 horas o el paquete sera devuelto al remitente.",envios@portal-clientes.top,phishing
Tu cuenta de WhatsApp Business fue reportada,"Hola, detectamos actividad inusual en tu cuenta. Para evitar la suspension definitiva, confirma tu identidad ahora mismo en http://seguridad-online.net/confirmar. Tienes 24 horas antes de perder acceso permanente a tus fotos y contactos.",soporte@seguridad-online.net,phishing
Su paquete no pudo ser entregado - accion requerida,"Estimado cliente, su paquete con codigo 56996 no pudo ser entregado por un pago pendiente de EUR 1.950 en gastos de aduana. Realice el pago en http://soporte-tecnico.info/pago dentro de las proximas 6 horas o el paquete sera devuelto al remitente.",envios@soporte-tecnico.info,phishing
Reintento de entrega fallido - confirme direccion,"Estimado cliente, su paquete con codigo 63171 no pudo ser entregado por un pago pendiente de PEN 1.961 en gastos de aduana. Realice el pago en http://alerta-usuarios.xyz/pago dentro de las proximas 6 horas o el paquete sera devuelto al remitente.",envios@alerta-usuarios.xyz,phishing
DIAN: se detecto una inconsistencia en su declaracion,"Estimado contribuyente, DIAN le informa que tiene una devolucion pendiente de COP 1.313. Para procesar el pago, actualice sus datos bancarios en http://actualiza-ahora.net/tramite en un plazo maximo de 48 dias habiles, de lo contrario el tramite sera cancelado automaticamente.",notificaciones@actualiza-ahora.net,phishing
Licencia de software vencida - riesgo de bloqueo,"Estimado usuario, nuestro sistema detecto que su equipo tiene una vulnerabilidad critica que compromete sus datos. Ingrese sus credenciales en http://goo.gl/soporte para permitir el mantenimiento remoto urgente antes de que el equipo sea bloqueado.",soporte.tecnico@seguridad-online.net,phishing
DIAN: tiene una devolucion de COP 2.015 pendiente,"Estimado contribuyente, DIAN le informa que tiene una devolucion pendiente de COP 1.344. Para procesar el pago, actualice sus datos bancarios en http://goo.gl/tramite en un plazo maximo de 6 dias habiles, de lo contrario el tramite sera cancelado automaticamente.",notificaciones@seguridad-online.net,phishing
"Felicidades Carmen, ganaste un premio especial","Estimado(a) Carlos, le informamos que ha sido seleccionado entre miles de participantes para recibir un premio de COP 6.881. Para reclamarlo, confirme sus datos personales y bancarios en http://notificaciones-oficiales.xyz/reclamar antes de que el premio sea reasignado a otro ganador.",premios@notificaciones-oficiales.xyz,phishing
Tu cuenta de Instagram sera eliminada en 6 horas,"Hola, detectamos actividad inusual en tu cuenta. Para evitar la suspension definitiva, confirma tu identidad ahora mismo en http://confirmacion-datos.click/confirmar. Tienes 6 horas antes de perder acceso permanente a tus fotos y contactos.",soporte@confirmacion-datos.click,phishing
Pago pendiente de aduana para su envio,"Estimado cliente, su paquete con codigo 41750 no pudo ser entregado por un pago pendiente de MXN 9.107 en gastos de aduana. Realice el pago en http://verificacion-cuenta.info/pago dentro de las proximas 48 horas o el paquete sera devuelto al remitente.",envios@verificacion-cuenta.info,phishing
"Felicidades Fernando, ganaste un premio especial","Estimado(a) Andres, le informamos que ha sido seleccionado entre miles de participantes para recibir un premio de ARS 1.993. Para reclamarlo, confirme sus datos personales y bancarios en http://actualiza-ahora.net/reclamar antes de que el premio sea reasignado a otro ganador.",premios@actualiza-ahora.net,phishing
Su cuenta de streaming sera cancelada,"Estimado usuario, no pudimos procesar el cobro de su suscripcion mensual. Actualice su metodo de pago en http://notificaciones-oficiales.xyz/pago en un plazo de 12 horas para evitar la cancelacion definitiva de su cuenta y perder su historial.",facturacion@notificaciones-oficiales.xyz,phishing
Actividad sospechosa detectada en tu cuenta de Facebook,"Hola, detectamos actividad inusual en tu cuenta. Para evitar la suspension definitiva, confirma tu identidad ahora mismo en http://verificacion-cuenta.info/confirmar. Tienes 48 horas antes de perder acceso permanente a tus fotos y contactos.",soporte@verificacion-cuenta.info,phishing
Banco Galicia: su tarjeta ha sido bloqueada preventivamente,"Estimado cliente de Banco Galicia, detectamos un movimiento de ARS 4.482 que no coincide con su patron habitual de consumo. Por su seguridad, verifique su identidad de inmediato en http://verificacion-cuenta.info/verificar antes de las 24 horas, de lo contrario procederemos a bloquear su cuenta de forma permanente.",seguridad@verificacion-cuenta.info,phishing
Su paquete no pudo ser entregado - accion requerida,"Estimado cliente, su paquete con codigo 17754 no pudo ser entregado por un pago pendiente de ARS 459 en gastos de aduana. Realice el pago en http://verificacion-cuenta.info/pago dentro de las proximas 48 horas o el paquete sera devuelto al remitente.",envios@verificacion-cuenta.info,phishing
Tu cuenta de Instagram sera eliminada en 12 horas,"Hola, detectamos actividad inusual en tu cuenta. Para evitar la suspension definitiva, confirma tu identidad ahora mismo en http://soporte-tecnico.info/confirmar. Tienes 24 horas antes de perder acceso permanente a tus fotos y contactos.",soporte@soporte-tecnico.info,phishing
Su paquete no pudo ser entregado - accion requerida,"Estimado cliente, su paquete con codigo 63369 no pudo ser entregado por un pago pendiente de CLP 4.994 en gastos de aduana. Realice el pago en http://confirmacion-datos.click/pago dentro de las proximas 6 horas o el paquete sera devuelto al remitente.",envios@confirmacion-datos.click,phishing
Tu cuenta de Instagram sera eliminada en 24 horas,"Hola, detectamos actividad inusual en tu cuenta. Para evitar la suspension definitiva, confirma tu identidad ahora mismo en http://verificacion-cuenta.info/confirmar. Tienes 24 horas antes de perder acceso permanente a tus fotos y contactos.",soporte@verificacion-cuenta.info,phishing
SII: tiene una devolucion de CLP 2.309 pendiente,"Estimado contribuyente, SII le informa que tiene una devolucion pendiente de CLP 9.314. Para procesar el pago, actualice sus datos bancarios en http://actualiza-ahora.net/tramite en un plazo maximo de 6 dias habiles, de lo contrario el tramite sera cancelado automaticamente.",notificaciones@actualiza-ahora.net,phishing
AFIP: se detecto una inconsistencia en su declaracion,"Estimado contribuyente, AFIP le informa que tiene una devolucion pendiente de ARS 4.746. Para procesar el pago, actualice sus datos bancarios en http://alerta-usuarios.xyz/tramite en un plazo maximo de 6 dias habiles, de lo contrario el tramite sera cancelado automaticamente.",notificaciones@alerta-usuarios.xyz,phishing
DIAN: se detecto una inconsistencia en su declaracion,"Estimado contribuyente, DIAN le informa que tiene una devolucion pendiente de COP 6.078. Para procesar el pago, actualice sus datos bancarios en http://tinyurl.com/tramite en un plazo maximo de 12 dias habiles, de lo contrario el tramite sera cancelado automaticamente.",notificaciones@confirmacion-datos.click,phishing
Banco de Chile: su tarjeta ha sido bloqueada preventivamente,"Estimado cliente de Banco de Chile, detectamos un movimiento de CLP 7.049 que no coincide con su patron habitual de consumo. Por su seguridad, verifique su identidad de inmediato en http://soporte-tecnico.info/verificar antes de las 6 horas, de lo contrario procederemos a bloquear su cuenta de forma permanente.",seguridad@soporte-tecnico.info,phishing
DIAN: tiene una devolucion de COP 1.581 pendiente,"Estimado contribuyente, DIAN le informa que tiene una devolucion pendiente de COP 4.144. Para procesar el pago, actualice sus datos bancarios en http://seguridad-online.net/tramite en un plazo maximo de 12 dias habiles, de lo contrario el tramite sera cancelado automaticamente.",notificaciones@seguridad-online.net,phishing
Su paquete no pudo ser entregado - accion requerida,"Estimado cliente, su paquete con codigo 84047 no pudo ser entregado por un pago pendiente de PEN 9.207 en gastos de aduana. Realice el pago en http://verificacion-cuenta.info/pago dentro de las proximas 12 horas o el paquete sera devuelto al remitente.",envios@verificacion-cuenta.info,phishing
Solicitud urgente - cambio de datos bancarios de nomina,"Hola, estoy en una reunion y no puedo hablar por telefono. Necesito que gestiones una transferencia urgente de ARS 8.106 antes de las 24 horas. Te escribo los datos del beneficiario en un momento, por favor confirma que estas disponible.",direccion.general@verificacion-cuenta.info,phishing
Tu cuenta de WhatsApp Business fue reportada,"Hola, detectamos actividad inusual en tu cuenta. Para evitar la suspension definitiva, confirma tu identidad ahora mismo en http://soporte-tecnico.info/confirmar. Tienes 48 horas antes de perder acceso permanente a tus fotos y contactos.",soporte@soporte-tecnico.info,phishing
Problema con su metodo de pago - suscripcion suspendida,"Estimado usuario, no pudimos procesar el cobro de su suscripcion mensual. Actualice su metodo de pago en http://goo.gl/pago en un plazo de 24 horas para evitar la cancelacion definitiva de su cuenta y perder su historial.",facturacion@confirmacion-datos.click,phishing
Licencia de software vencida - riesgo de bloqueo,"Estimado usuario, nuestro sistema detecto que su equipo tiene una vulnerabilidad critica que compromete sus datos. Ingrese sus credenciales en http://seguridad-online.net/soporte para permitir el mantenimiento remoto urgente antes de que el equipo sea bloqueado.",soporte.tecnico@seguridad-online.net,phishing
Actualice su forma de pago para continuar disfrutando el servicio,"Estimado usuario, no pudimos procesar el cobro de su suscripcion mensual. Actualice su metodo de pago en http://verificacion-cuenta.info/pago en un plazo de 6 horas para evitar la cancelacion definitiva de su cuenta y perder su historial.",facturacion@verificacion-cuenta.info,phishing
Tu cuenta de WhatsApp Business fue reportada,"Hola, detectamos actividad inusual en tu cuenta. Para evitar la suspension definitiva, confirma tu identidad ahora mismo en http://alerta-usuarios.xyz/confirmar. Tienes 12 horas antes de perder acceso permanente a tus fotos y contactos.",soporte@alerta-usuarios.xyz,phishing
Necesito que gestiones un pago urgente antes de mediodia,"Hola, estoy en una reunion y no puedo hablar por telefono. Necesito que gestiones una transferencia urgente de MXN 7.601 antes de las 12 horas. Te escribo los datos del beneficiario en un momento, por favor confirma que estas disponible.",direccion.general@alerta-usuarios.xyz,phishing
Actualice su forma de pago para continuar disfrutando el servicio,"Estimado usuario, no pudimos procesar el cobro de su suscripcion mensual. Actualice su metodo de pago en http://soporte-tecnico.info/pago en un plazo de 48 horas para evitar la cancelacion definitiva de su cuenta y perder su historial.",facturacion@soporte-tecnico.info,phishing
Notificacion oficial de DIAN - regularice su situacion,"Estimado contribuyente, DIAN le informa que tiene una devolucion pendiente de COP 8.436. Para procesar el pago, actualice sus datos bancarios en http://notificaciones-oficiales.xyz/tramite en un plazo maximo de 48 dias habiles, de lo contrario el tramite sera cancelado automaticamente.",notificaciones@notificaciones-oficiales.xyz,phishing
Confirme su identidad - Banco Galicia banca en linea,"Estimado cliente de Banco Galicia, detectamos un movimiento de ARS 6.146 que no coincide con su patron habitual de consumo. Por su seguridad, verifique su identidad de inmediato en http://verificacion-cuenta.info/verificar antes de las 12 horas, de lo contrario procederemos a bloquear su cuenta de forma permanente.",seguridad@verificacion-cuenta.info,phishing
Confirme su identidad - BCP banca en linea,"Estimado cliente de BCP, detectamos un movimiento de PEN 8.336 que no coincide con su patron habitual de consumo. Por su seguridad, verifique su identidad de inmediato en http://seguridad-online.net/verificar antes de las 48 horas, de lo contrario procederemos a bloquear su cuenta de forma permanente.",seguridad@seguridad-online.net,phishing
Ha sido seleccionado para un sorteo exclusivo,"Estimado(a) Gabriela, le informamos que ha sido seleccionado entre miles de participantes para recibir un premio de PEN 363. Para reclamarlo, confirme sus datos personales y bancarios en http://alerta-usuarios.xyz/reclamar antes de que el premio sea reasignado a otro ganador.",premios@alerta-usuarios.xyz,phishing
Banorte: su tarjeta ha sido bloqueada preventivamente,"Estimado cliente de Banorte, detectamos un movimiento de MXN 3.919 que no coincide con su patron habitual de consumo. Por su seguridad, verifique su identidad de inmediato en http://confirmacion-datos.click/verificar antes de las 6 horas, de lo contrario procederemos a bloquear su cuenta de forma permanente.",seguridad@confirmacion-datos.click,phishing
Confirme su identidad - Banco Galicia banca en linea,"Estimado cliente de Banco Galicia, detectamos un movimiento de ARS 5.192 que no coincide con su patron habitual de consumo. Por su seguridad, verifique su identidad de inmediato en http://confirmacion-datos.click/verificar antes de las 24 horas, de lo contrario procederemos a bloquear su cuenta de forma permanente.",seguridad@confirmacion-datos.click,phishing
Su numero fue elegido para recibir MXN 3.991,"Estimado(a) Fernando, le informamos que ha sido seleccionado entre miles de participantes para recibir un premio de MXN 1.421. Para reclamarlo, confirme sus datos personales y bancarios en http://tinyurl.com/reclamar antes de que el premio sea reasignado a otro ganador.",premios@soporte-tecnico.info,phishing
"Felicidades Gabriela, ganaste un premio especial","Estimado(a) Maria, le informamos que ha sido seleccionado entre miles de participantes para recibir un premio de CLP 1.098. Para reclamarlo, confirme sus datos personales y bancarios en http://actualiza-ahora.net/reclamar antes de que el premio sea reasignado a otro ganador.",premios@actualiza-ahora.net,phishing
AFIP: tiene una devolucion de ARS 8.746 pendiente,"Estimado contribuyente, AFIP le informa que tiene una devolucion pendiente de ARS 6.106. Para procesar el pago, actualice sus datos bancarios en http://soporte-tecnico.info/tramite en un plazo maximo de 24 dias habiles, de lo contrario el tramite sera cancelado automaticamente.",notificaciones@soporte-tecnico.info,phishing
Notificacion oficial de Agencia Tributaria - regularice su situacion,"Estimado contribuyente, Agencia Tributaria le informa que tiene una devolucion pendiente de EUR 8.774. Para procesar el pago, actualice sus datos bancarios en http://portal-clientes.top/tramite en un plazo maximo de 48 dias habiles, de lo contrario el tramite sera cancelado automaticamente.",notificaciones@portal-clientes.top,phishing
Pago pendiente de aduana para su envio,"Estimado cliente, su paquete con codigo 40116 no pudo ser entregado por un pago pendiente de COP 5.506 en gastos de aduana. Realice el pago en http://verificacion-cuenta.info/pago dentro de las proximas 12 horas o el paquete sera devuelto al remitente.",envios@verificacion-cuenta.info,phishing
Su numero fue elegido para recibir COP 8.943,"Estimado(a) Sofia, le informamos que ha sido seleccionado entre miles de participantes para recibir un premio de COP 2.514. Para reclamarlo, confirme sus datos personales y bancarios en http://soporte-tecnico.info/reclamar antes de que el premio sea reasignado a otro ganador.",premios@soporte-tecnico.info,phishing
Solicitud urgente - cambio de datos bancarios de nomina,"Hola, estoy en una reunion y no puedo hablar por telefono. Necesito que gestiones una transferencia urgente de CLP 637 antes de las 48 horas. Te escribo los datos del beneficiario en un momento, por favor confirma que estas disponible.",direccion.general@portal-clientes.top,phishing
Su numero fue elegido para recibir EUR 8.810,"Estimado(a) Diego, le informamos que ha sido seleccionado entre miles de participantes para recibir un premio de EUR 7.970. Para reclamarlo, confirme sus datos personales y bancarios en http://portal-clientes.top/reclamar antes de que el premio sea reasignado a otro ganador.",premios@portal-clientes.top,phishing
Su paquete no pudo ser entregado - accion requerida,"Estimado cliente, su paquete con codigo 68074 no pudo ser entregado por un pago pendiente de EUR 6.794 en gastos de aduana. Realice el pago en http://soporte-tecnico.info/pago dentro de las proximas 12 horas o el paquete sera devuelto al remitente.",envios@soporte-tecnico.info,phishing
DIAN: tiene una devolucion de COP 5.569 pendiente,"Estimado contribuyente, DIAN le informa que tiene una devolucion pendiente de COP 963. Para procesar el pago, actualice sus datos bancarios en http://acceso-seguro.info/tramite en un plazo maximo de 24 dias habiles, de lo contrario el tramite sera cancelado automaticamente.",notificaciones@acceso-seguro.info,phishing
AFIP: se detecto una inconsistencia en su declaracion,"Estimado contribuyente, AFIP le informa que tiene una devolucion pendiente de ARS 9.416. Para procesar el pago, actualice sus datos bancarios en http://soporte-tecnico.info/tramite en un plazo maximo de 6 dias habiles, de lo contrario el tramite sera cancelado automaticamente.",notificaciones@soporte-tecnico.info,phishing
Necesito que gestiones un pago urgente antes de mediodia,"Hola, estoy en una reunion y no puedo hablar por telefono. Necesito que gestiones una transferencia urgente de PEN 7.470 antes de las 6 horas. Te escribo los datos del beneficiario en un momento, por favor confirma que estas disponible.",direccion.general@actualiza-ahora.net,phishing
Su cuenta de streaming sera cancelada,"Estimado usuario, no pudimos procesar el cobro de su suscripcion mensual. Actualice su metodo de pago en http://soporte-tecnico.info/pago en un plazo de 6 horas para evitar la cancelacion definitiva de su cuenta y perder su historial.",facturacion@soporte-tecnico.info,phishing
Confirme su identidad - Bancolombia banca en linea,"Estimado cliente de Bancolombia, detectamos un movimiento de COP 6.526 que no coincide con su patron habitual de consumo. Por su seguridad, verifique su identidad de inmediato en http://alerta-usuarios.xyz/verificar antes de las 48 horas, de lo contrario procederemos a bloquear su cuenta de forma permanente.",seguridad@alerta-usuarios.xyz,phishing
Santander: su tarjeta ha sido bloqueada preventivamente,"Estimado cliente de Santander, detectamos un movimiento de EUR 6.920 que no coincide con su patron habitual de consumo. Por su seguridad, verifique su identidad de inmediato en http://soporte-tecnico.info/verificar antes de las 24 horas, de lo contrario procederemos a bloquear su cuenta de forma permanente.",seguridad@soporte-tecnico.info,phishing
Su cuenta de streaming sera cancelada,"Estimado usuario, no pudimos procesar el cobro de su suscripcion mensual. Actualice su metodo de pago en http://portal-clientes.top/pago en un plazo de 24 horas para evitar la cancelacion definitiva de su cuenta y perder su historial.",facturacion@portal-clientes.top,phishing
Reintento de entrega fallido - confirme direccion,"Estimado cliente, su paquete con codigo 18890 no pudo ser entregado por un pago pendiente de EUR 9.096 en gastos de aduana. Realice el pago en http://seguridad-online.net/pago dentro de las proximas 24 horas o el paquete sera devuelto al remitente.",envios@seguridad-online.net,phishing
Tu cuenta de Instagram sera eliminada en 12 horas,"Hola, detectamos actividad inusual en tu cuenta. Para evitar la suspension definitiva, confirma tu identidad ahora mismo en http://goo.gl/confirmar. Tienes 24 horas antes de perder acceso permanente a tus fotos y contactos.",soporte@portal-clientes.top,phishing
Su paquete no pudo ser entregado - accion requerida,"Estimado cliente, su paquete con codigo 95503 no pudo ser entregado por un pago pendiente de ARS 650 en gastos de aduana. Realice el pago en http://actualiza-ahora.net/pago dentro de las proximas 6 horas o el paquete sera devuelto al remitente.",envios@actualiza-ahora.net,phishing
Su cuenta de streaming sera cancelada,"Estimado usuario, no pudimos procesar el cobro de su suscripcion mensual. Actualice su metodo de pago en http://bit.ly/pago en un plazo de 12 horas para evitar la cancelacion definitiva de su cuenta y perder su historial.",facturacion@acceso-seguro.info,phishing
Notificacion oficial de SAT - regularice su situacion,"Estimado contribuyente, SAT le informa que tiene una devolucion pendiente de MXN 6.951. Para procesar el pago, actualice sus datos bancarios en http://alerta-usuarios.xyz/tramite en un plazo maximo de 48 dias habiles, de lo contrario el tramite sera cancelado automaticamente.",notificaciones@alerta-usuarios.xyz,phishing
Tu cuenta de WhatsApp Business fue reportada,"Hola, detectamos actividad inusual en tu cuenta. Para evitar la suspension definitiva, confirma tu identidad ahora mismo en http://confirmacion-datos.click/confirmar. Tienes 24 horas antes de perder acceso permanente a tus fotos y contactos.",soporte@confirmacion-datos.click,phishing
Agencia Tributaria: se detecto una inconsistencia en su declaracion,"Estimado contribuyente, Agencia Tributaria le informa que tiene una devolucion pendiente de EUR 5.631. Para procesar el pago, actualice sus datos bancarios en http://actualiza-ahora.net/tramite en un plazo maximo de 24 dias habiles, de lo contrario el tramite sera cancelado automaticamente.",notificaciones@actualiza-ahora.net,phishing
Ha sido seleccionado para un sorteo exclusivo,"Estimado(a) Isabel, le informamos que ha sido seleccionado entre miles de participantes para recibir un premio de ARS 2.541. Para reclamarlo, confirme sus datos personales y bancarios en http://actualiza-ahora.net/reclamar antes de que el premio sea reasignado a otro ganador.",premios@actualiza-ahora.net,phishing
Notificacion oficial de DIAN - regularice su situacion,"Estimado contribuyente, DIAN le informa que tiene una devolucion pendiente de COP 1.853. Para procesar el pago, actualice sus datos bancarios en http://seguridad-online.net/tramite en un plazo maximo de 6 dias habiles, de lo contrario el tramite sera cancelado automaticamente.",notificaciones@seguridad-online.net,phishing
Pago pendiente de aduana para su envio,"Estimado cliente, su paquete con codigo 87275 no pudo ser entregado por un pago pendiente de CLP 890 en gastos de aduana. Realice el pago en http://tinyurl.com/pago dentro de las proximas 6 horas o el paquete sera devuelto al remitente.",envios@acceso-seguro.info,phishing
Tu cuenta de WhatsApp Business fue reportada,"Hola, detectamos actividad inusual en tu cuenta. Para evitar la suspension definitiva, confirma tu identidad ahora mismo en http://soporte-tecnico.info/confirmar. Tienes 6 horas antes de perder acceso permanente a tus fotos y contactos.",soporte@soporte-tecnico.info,phishing
Solicitud urgente - cambio de datos bancarios de nomina,"Hola, estoy en una reunion y no puedo hablar por telefono. Necesito que gestiones una transferencia urgente de CLP 2.718 antes de las 24 horas. Te escribo los datos del beneficiario en un momento, por favor confirma que estas disponible.",direccion.general@actualiza-ahora.net,phishing
Su cuenta de streaming sera cancelada,"Estimado usuario, no pudimos procesar el cobro de su suscripcion mensual. Actualice su metodo de pago en http://bit.ly/pago en un plazo de 24 horas para evitar la cancelacion definitiva de su cuenta y perder su historial.",facturacion@portal-clientes.top,phishing
Solicitud urgente - cambio de datos bancarios de nomina,"Hola, estoy en una reunion y no puedo hablar por telefono. Necesito que gestiones una transferencia urgente de COP 6.512 antes de las 24 horas. Te escribo los datos del beneficiario en un momento, por favor confirma que estas disponible.",direccion.general@portal-clientes.top,phishing
Confidencial: aprobacion de pago pendiente de tu firma,"Hola, estoy en una reunion y no puedo hablar por telefono. Necesito que gestiones una transferencia urgente de ARS 4.250 antes de las 6 horas. Te escribo los datos del beneficiario en un momento, por favor confirma que estas disponible.",direccion.general@portal-clientes.top,phishing
Confidencial: aprobacion de pago pendiente de tu firma,"Hola, estoy en una reunion y no puedo hablar por telefono. Necesito que gestiones una transferencia urgente de CLP 6.323 antes de las 12 horas. Te escribo los datos del beneficiario en un momento, por favor confirma que estas disponible.",direccion.general@alerta-usuarios.xyz,phishing
Ha sido seleccionado para un sorteo exclusivo,"Estimado(a) Gabriela, le informamos que ha sido seleccionado entre miles de participantes para recibir un premio de MXN 3.727. Para reclamarlo, confirme sus datos personales y bancarios en http://actualiza-ahora.net/reclamar antes de que el premio sea reasignado a otro ganador.",premios@actualiza-ahora.net,phishing
Notificacion oficial de AFIP - regularice su situacion,"Estimado contribuyente, AFIP le informa que tiene una devolucion pendiente de ARS 1.245. Para procesar el pago, actualice sus datos bancarios en http://soporte-tecnico.info/tramite en un plazo maximo de 6 dias habiles, de lo contrario el tramite sera cancelado automaticamente.",notificaciones@soporte-tecnico.info,phishing
Movimiento no reconocido por MXN 2.724 en su cuenta,"Estimado cliente de Banorte, detectamos un movimiento de MXN 3.164 que no coincide con su patron habitual de consumo. Por su seguridad, verifique su identidad de inmediato en http://notificaciones-oficiales.xyz/verificar antes de las 12 horas, de lo contrario procederemos a bloquear su cuenta de forma permanente.",seguridad@notificaciones-oficiales.xyz,phishing
Tu cuenta de WhatsApp Business fue reportada,"Hola, detectamos actividad inusual en tu cuenta. Para evitar la suspension definitiva, confirma tu identidad ahora mismo en http://tinyurl.com/confirmar. Tienes 24 horas antes de perder acceso permanente a tus fotos y contactos.",soporte@acceso-seguro.info,phishing
Su equipo presenta una vulnerabilidad critica de seguridad,"Estimado usuario, nuestro sistema detecto que su equipo tiene una vulnerabilidad critica que compromete sus datos. Ingrese sus credenciales en http://goo.gl/soporte para permitir el mantenimiento remoto urgente antes de que el equipo sea bloqueado.",soporte.tecnico@soporte-tecnico.info,phishing
Problema con su metodo de pago - suscripcion suspendida,"Estimado usuario, no pudimos procesar el cobro de su suscripcion mensual. Actualice su metodo de pago en http://acceso-seguro.info/pago en un plazo de 6 horas para evitar la cancelacion definitiva de su cuenta y perder su historial.",facturacion@acceso-seguro.info,phishing
Confirme su identidad - BCP banca en linea,"Estimado cliente de BCP, detectamos un movimiento de PEN 2.016 que no coincide con su patron habitual de consumo. Por su seguridad, verifique su identidad de inmediato en http://notificaciones-oficiales.xyz/verificar antes de las 6 horas, de lo contrario procederemos a bloquear su cuenta de forma permanente.",seguridad@notificaciones-oficiales.xyz,phishing
Su paquete no pudo ser entregado - accion requerida,"Estimado cliente, su paquete con codigo 53098 no pudo ser entregado por un pago pendiente de EUR 7.453 en gastos de aduana. Realice el pago en http://confirmacion-datos.click/pago dentro de las proximas 6 horas o el paquete sera devuelto al remitente.",envios@confirmacion-datos.click,phishing
Reintento de entrega fallido - confirme direccion,"Estimado cliente, su paquete con codigo 53205 no pudo ser entregado por un pago pendiente de PEN 6.199 en gastos de aduana. Realice el pago en http://actualiza-ahora.net/pago dentro de las proximas 48 horas o el paquete sera devuelto al remitente.",envios@actualiza-ahora.net,phishing
Pago pendiente de aduana para su envio,"Estimado cliente, su paquete con codigo 99549 no pudo ser entregado por un pago pendiente de ARS 8.457 en gastos de aduana. Realice el pago en http://notificaciones-oficiales.xyz/pago dentro de las proximas 12 horas o el paquete sera devuelto al remitente.",envios@notificaciones-oficiales.xyz,phishing
Actualice su forma de pago para continuar disfrutando el servicio,"Estimado usuario, no pudimos procesar el cobro de su suscripcion mensual. Actualice su metodo de pago en http://seguridad-online.net/pago en un plazo de 12 horas para evitar la cancelacion definitiva de su cuenta y perder su historial.",facturacion@seguridad-online.net,phishing
Ha sido seleccionado para un sorteo exclusivo,"Estimado(a) Isabel, le informamos que ha sido seleccionado entre miles de participantes para recibir un premio de ARS 616. Para reclamarlo, confirme sus datos personales y bancarios en http://soporte-tecnico.info/reclamar antes de que el premio sea reasignado a otro ganador.",premios@soporte-tecnico.info,phishing
Su numero fue elegido para recibir EUR 6.718,"Estimado(a) Sebastian, le informamos que ha sido seleccionado entre miles de participantes para recibir un premio de EUR 1.301. Para reclamarlo, confirme sus datos personales y bancarios en http://bit.ly/reclamar antes de que el premio sea reasignado a otro ganador.",premios@notificaciones-oficiales.xyz,phishing
Su numero fue elegido para recibir EUR 2.822,"Estimado(a) Carmen, le informamos que ha sido seleccionado entre miles de participantes para recibir un premio de EUR 3.630. Para reclamarlo, confirme sus datos personales y bancarios en http://soporte-tecnico.info/reclamar antes de que el premio sea reasignado a otro ganador.",premios@soporte-tecnico.info,phishing
Actividad sospechosa detectada en tu cuenta de Facebook,"Hola, detectamos actividad inusual en tu cuenta. Para evitar la suspension definitiva, confirma tu identidad ahora mismo en http://actualiza-ahora.net/confirmar. Tienes 48 horas antes de perder acceso permanente a tus fotos y contactos.",soporte@actualiza-ahora.net,phishing
Su paquete no pudo ser entregado - accion requerida,"Estimado cliente, su paquete con codigo 21439 no pudo ser entregado por un pago pendiente de PEN 3.593 en gastos de aduana. Realice el pago en http://seguridad-online.net/pago dentro de las proximas 24 horas o el paquete sera devuelto al remitente.",envios@seguridad-online.net,phishing
Agencia Tributaria: se detecto una inconsistencia en su declaracion,"Estimado contribuyente, Agencia Tributaria le informa que tiene una devolucion pendiente de EUR 2.471. Para procesar el pago, actualice sus datos bancarios en http://soporte-tecnico.info/tramite en un plazo maximo de 12 dias habiles, de lo contrario el tramite sera cancelado automaticamente.",notificaciones@soporte-tecnico.info,phishing
Necesito que gestiones un pago urgente antes de mediodia,"Hola, estoy en una reunion y no puedo hablar por telefono. Necesito que gestiones una transferencia urgente de EUR 622 antes de las 12 horas. Te escribo los datos del beneficiario en un momento, por favor confirma que estas disponible.",direccion.general@seguridad-online.net,phishing
Problema con su metodo de pago - suscripcion suspendida,"Estimado usuario, no pudimos procesar el cobro de su suscripcion mensual. Actualice su metodo de pago en http://verificacion-cuenta.info/pago en un plazo de 6 horas para evitar la cancelacion definitiva de su cuenta y perder su historial.",facturacion@verificacion-cuenta.info,phishing
BCP: su tarjeta ha sido bloqueada preventivamente,"Estimado cliente de BCP, detectamos un movimiento de PEN 3.757 que no coincide con su patron habitual de consumo. Por su seguridad, verifique su identidad de inmediato en http://soporte-tecnico.info/verificar antes de las 48 horas, de lo contrario procederemos a bloquear su cuenta de forma permanente.",seguridad@soporte-tecnico.info,phishing
Confirme su identidad - Banco de Chile banca en linea,"Estimado cliente de Banco de Chile, detectamos un movimiento de CLP 3.767 que no coincide con su patron habitual de consumo. Por su seguridad, verifique su identidad de inmediato en http://notificaciones-oficiales.xyz/verificar antes de las 24 horas, de lo contrario procederemos a bloquear su cuenta de forma permanente.",seguridad@notificaciones-oficiales.xyz,phishing
Movimiento no reconocido por PEN 3.976 en su cuenta,"Estimado cliente de BCP, detectamos un movimiento de PEN 3.541 que no coincide con su patron habitual de consumo. Por su seguridad, verifique su identidad de inmediato en http://goo.gl/verificar antes de las 24 horas, de lo contrario procederemos a bloquear su cuenta de forma permanente.",seguridad@portal-clientes.top,phishing
Necesito que gestiones un pago urgente antes de mediodia,"Hola, estoy en una reunion y no puedo hablar por telefono. Necesito que gestiones una transferencia urgente de COP 7.503 antes de las 6 horas. Te escribo los datos del beneficiario en un momento, por favor confirma que estas disponible.",direccion.general@confirmacion-datos.click,phishing
Ha sido seleccionado para un sorteo exclusivo,"Estimado(a) Andres, le informamos que ha sido seleccionado entre miles de participantes para recibir un premio de PEN 7.330. Para reclamarlo, confirme sus datos personales y bancarios en http://seguridad-online.net/reclamar antes de que el premio sea reasignado a otro ganador.",premios@seguridad-online.net,phishing
Alerta: actividad inusual en su cuenta de BCP,"Estimado cliente de BCP, detectamos un movimiento de PEN 6.038 que no coincide con su patron habitual de consumo. Por su seguridad, verifique su identidad de inmediato en http://actualiza-ahora.net/verificar antes de las 6 horas, de lo contrario procederemos a bloquear su cuenta de forma permanente.",seguridad@actualiza-ahora.net,phishing
Banorte: su tarjeta ha sido bloqueada preventivamente,"Estimado cliente de Banorte, detectamos un movimiento de MXN 1.167 que no coincide con su patron habitual de consumo. Por su seguridad, verifique su identidad de inmediato en http://tinyurl.com/verificar antes de las 6 horas, de lo contrario procederemos a bloquear su cuenta de forma permanente.",seguridad@verificacion-cuenta.info,phishing
Licencia de software vencida - riesgo de bloqueo,"Estimado usuario, nuestro sistema detecto que su equipo tiene una vulnerabilidad critica que compromete sus datos. Ingrese sus credenciales en http://portal-clientes.top/soporte para permitir el mantenimiento remoto urgente antes de que el equipo sea bloqueado.",soporte.tecnico@portal-clientes.top,phishing
Alerta: actividad inusual en su cuenta de Banco Galicia,"Estimado cliente de Banco Galicia, detectamos un movimiento de ARS 7.001 que no coincide con su patron habitual de consumo. Por su seguridad, verifique su identidad de inmediato en http://actualiza-ahora.net/verificar antes de las 12 horas, de lo contrario procederemos a bloquear su cuenta de forma permanente.",seguridad@actualiza-ahora.net,phishing
Necesito que gestiones un pago urgente antes de mediodia,"Hola, estoy en una reunion y no puedo hablar por telefono. Necesito que gestiones una transferencia urgente de COP 4.094 antes de las 6 horas. Te escribo los datos del beneficiario en un momento, por favor confirma que estas disponible.",direccion.general@seguridad-online.net,phishing
Banco de Chile: su tarjeta ha sido bloqueada preventivamente,"Estimado cliente de Banco de Chile, detectamos un movimiento de CLP 9.207 que no coincide con su patron habitual de consumo. Por su seguridad, verifique su identidad de inmediato en http://portal-clientes.top/verificar antes de las 6 horas, de lo contrario procederemos a bloquear su cuenta de forma permanente.",seguridad@portal-clientes.top,phishing
SII: tiene una devolucion de CLP 6.695 pendiente,"Estimado contribuyente, SII le informa que tiene una devolucion pendiente de CLP 8.439. Para procesar el pago, actualice sus datos bancarios en http://verificacion-cuenta.info/tramite en un plazo maximo de 48 dias habiles, de lo contrario el tramite sera cancelado automaticamente.",notificaciones@verificacion-cuenta.info,phishing
Solicitud urgente - cambio de datos bancarios de nomina,"Hola, estoy en una reunion y no puedo hablar por telefono. Necesito que gestiones una transferencia urgente de ARS 3.450 antes de las 6 horas. Te escribo los datos del beneficiario en un momento, por favor confirma que estas disponible.",direccion.general@portal-clientes.top,phishing
Confidencial: aprobacion de pago pendiente de tu firma,"Hola, estoy en una reunion y no puedo hablar por telefono. Necesito que gestiones una transferencia urgente de CLP 3.751 antes de las 12 horas. Te escribo los datos del beneficiario en un momento, por favor confirma que estas disponible.",direccion.general@alerta-usuarios.xyz,phishing
Su paquete no pudo ser entregado - accion requerida,"Estimado cliente, su paquete con codigo 66267 no pudo ser entregado por un pago pendiente de MXN 6.336 en gastos de aduana. Realice el pago en http://acceso-seguro.info/pago dentro de las proximas 6 horas o el paquete sera devuelto al remitente.",envios@acceso-seguro.info,phishing
Reintento de entrega fallido - confirme direccion,"Estimado cliente, su paquete con codigo 32325 no pudo ser entregado por un pago pendiente de ARS 9.359 en gastos de aduana. Realice el pago en http://actualiza-ahora.net/pago dentro de las proximas 24 horas o el paquete sera devuelto al remitente.",envios@actualiza-ahora.net,phishing
Actividad sospechosa detectada en tu cuenta de Facebook,"Hola, detectamos actividad inusual en tu cuenta. Para evitar la suspension definitiva, confirma tu identidad ahora mismo en http://portal-clientes.top/confirmar. Tienes 48 horas antes de perder acceso permanente a tus fotos y contactos.",soporte@portal-clientes.top,phishing
Problema con su metodo de pago - suscripcion suspendida,"Estimado usuario, no pudimos procesar el cobro de su suscripcion mensual. Actualice su metodo de pago en http://portal-clientes.top/pago en un plazo de 24 horas para evitar la cancelacion definitiva de su cuenta y perder su historial.",facturacion@portal-clientes.top,phishing
Su paquete no pudo ser entregado - accion requerida,"Estimado cliente, su paquete con codigo 38964 no pudo ser entregado por un pago pendiente de MXN 5.501 en gastos de aduana. Realice el pago en http://alerta-usuarios.xyz/pago dentro de las proximas 12 horas o el paquete sera devuelto al remitente.",envios@alerta-usuarios.xyz,phishing
Su equipo presenta una vulnerabilidad critica de seguridad,"Estimado usuario, nuestro sistema detecto que su equipo tiene una vulnerabilidad critica que compromete sus datos. Ingrese sus credenciales en http://seguridad-online.net/soporte para permitir el mantenimiento remoto urgente antes de que el equipo sea bloqueado.",soporte.tecnico@seguridad-online.net,phishing
SAT: se detecto una inconsistencia en su declaracion,"Estimado contribuyente, SAT le informa que tiene una devolucion pendiente de MXN 3.404. Para procesar el pago, actualice sus datos bancarios en http://bit.ly/tramite en un plazo maximo de 6 dias habiles, de lo contrario el tramite sera cancelado automaticamente.",notificaciones@soporte-tecnico.info,phishing
"Felicidades Ana, ganaste un premio especial","Estimado(a) Ricardo, le informamos que ha sido seleccionado entre miles de participantes para recibir un premio de CLP 1.249. Para reclamarlo, confirme sus datos personales y bancarios en http://actualiza-ahora.net/reclamar antes de que el premio sea reasignado a otro ganador.",premios@actualiza-ahora.net,phishing
Alerta: actividad inusual en su cuenta de Santander,"Estimado cliente de Santander, detectamos un movimiento de EUR 3.195 que no coincide con su patron habitual de consumo. Por su seguridad, verifique su identidad de inmediato en http://portal-clientes.top/verificar antes de las 12 horas, de lo contrario procederemos a bloquear su cuenta de forma permanente.",seguridad@portal-clientes.top,phishing
Su numero fue elegido para recibir CLP 3.917,"Estimado(a) Carmen, le informamos que ha sido seleccionado entre miles de participantes para recibir un premio de CLP 6.028. Para reclamarlo, confirme sus datos personales y bancarios en http://soporte-tecnico.info/reclamar antes de que el premio sea reasignado a otro ganador.",premios@soporte-tecnico.info,phishing
Su equipo presenta una vulnerabilidad critica de seguridad,"Estimado usuario, nuestro sistema detecto que su equipo tiene una vulnerabilidad critica que compromete sus datos. Ingrese sus credenciales en http://soporte-tecnico.info/soporte para permitir el mantenimiento remoto urgente antes de que el equipo sea bloqueado.",soporte.tecnico@soporte-tecnico.info,phishing
Pago pendiente de aduana para su envio,"Estimado cliente, su paquete con codigo 13143 no pudo ser entregado por un pago pendiente de EUR 8.058 en gastos de aduana. Realice el pago en http://alerta-usuarios.xyz/pago dentro de las proximas 6 horas o el paquete sera devuelto al remitente.",envios@alerta-usuarios.xyz,phishing
Pago pendiente de aduana para su envio,"Estimado cliente, su paquete con codigo 39585 no pudo ser entregado por un pago pendiente de EUR 3.570 en gastos de aduana. Realice el pago en http://alerta-usuarios.xyz/pago dentro de las proximas 48 horas o el paquete sera devuelto al remitente.",envios@alerta-usuarios.xyz,phishing
Su paquete no pudo ser entregado - accion requerida,"Estimado cliente, su paquete con codigo 44976 no pudo ser entregado por un pago pendiente de ARS 8.572 en gastos de aduana. Realice el pago en http://bit.ly/pago dentro de las proximas 12 horas o el paquete sera devuelto al remitente.",envios@confirmacion-datos.click,phishing
Su numero fue elegido para recibir MXN 5.587,"Estimado(a) Gabriela, le informamos que ha sido seleccionado entre miles de participantes para recibir un premio de MXN 8.689. Para reclamarlo, confirme sus datos personales y bancarios en http://notificaciones-oficiales.xyz/reclamar antes de que el premio sea reasignado a otro ganador.",premios@notificaciones-oficiales.xyz,phishing
Movimiento no reconocido por COP 7.422 en su cuenta,"Estimado cliente de Bancolombia, detectamos un movimiento de COP 1.752 que no coincide con su patron habitual de consumo. Por su seguridad, verifique su identidad de inmediato en http://seguridad-online.net/verificar antes de las 48 horas, de lo contrario procederemos a bloquear su cuenta de forma permanente.",seguridad@seguridad-online.net,phishing
Solicitud urgente - cambio de datos bancarios de nomina,"Hola, estoy en una reunion y no puedo hablar por telefono. Necesito que gestiones una transferencia urgente de PEN 3.774 antes de las 6 horas. Te escribo los datos del beneficiario en un momento, por favor confirma que estas disponible.",direccion.general@portal-clientes.top,phishing
Solicitud urgente - cambio de datos bancarios de nomina,"Hola, estoy en una reunion y no puedo hablar por telefono. Necesito que gestiones una transferencia urgente de COP 3.291 antes de las 48 horas. Te escribo los datos del beneficiario en un momento, por favor confirma que estas disponible.",direccion.general@portal-clientes.top,phishing
Confirme su identidad - BCP banca en linea,"Estimado cliente de BCP, detectamos un movimiento de PEN 6.359 que no coincide con su patron habitual de consumo. Por su seguridad, verifique su identidad de inmediato en http://seguridad-online.net/verificar antes de las 24 horas, de lo contrario procederemos a bloquear su cuenta de forma permanente.",seguridad@seguridad-online.net,phishing
Alerta: actividad inusual en su cuenta de Banco de Chile,"Estimado cliente de Banco de Chile, detectamos un movimiento de CLP 6.209 que no coincide con su patron habitual de consumo. Por su seguridad, verifique su identidad de inmediato en http://tinyurl.com/verificar antes de las 6 horas, de lo contrario procederemos a bloquear su cuenta de forma permanente.",seguridad@notificaciones-oficiales.xyz,phishing
Agencia Tributaria: tiene una devolucion de EUR 8.058 pendiente,"Estimado contribuyente, Agencia Tributaria le informa que tiene una devolucion pendiente de EUR 5.916. Para procesar el pago, actualice sus datos bancarios en http://confirmacion-datos.click/tramite en un plazo maximo de 48 dias habiles, de lo contrario el tramite sera cancelado automaticamente.",notificaciones@confirmacion-datos.click,phishing
DIAN: tiene una devolucion de COP 7.535 pendiente,"Estimado contribuyente, DIAN le informa que tiene una devolucion pendiente de COP 6.474. Para procesar el pago, actualice sus datos bancarios en http://bit.ly/tramite en un plazo maximo de 48 dias habiles, de lo contrario el tramite sera cancelado automaticamente.",notificaciones@acceso-seguro.info,phishing
Confidencial: aprobacion de pago pendiente de tu firma,"Hola, estoy en una reunion y no puedo hablar por telefono. Necesito que gestiones una transferencia urgente de COP 1.203 antes de las 6 horas. Te escribo los datos del beneficiario en un momento, por favor confirma que estas disponible.",direccion.general@confirmacion-datos.click,phishing
SAT: se detecto una inconsistencia en su declaracion,"Estimado contribuyente, SAT le informa que tiene una devolucion pendiente de MXN 9.200. Para procesar el pago, actualice sus datos bancarios en http://soporte-tecnico.info/tramite en un plazo maximo de 6 dias habiles, de lo contrario el tramite sera cancelado automaticamente.",notificaciones@soporte-tecnico.info,phishing
SUNAT: se detecto una inconsistencia en su declaracion,"Estimado contribuyente, SUNAT le informa que tiene una devolucion pendiente de PEN 7.946. Para procesar el pago, actualice sus datos bancarios en http://bit.ly/tramite en un plazo maximo de 24 dias habiles, de lo contrario el tramite sera cancelado automaticamente.",notificaciones@actualiza-ahora.net,phishing
Problema con su metodo de pago - suscripcion suspendida,"Estimado usuario, no pudimos procesar el cobro de su suscripcion mensual. Actualice su metodo de pago en http://tinyurl.com/pago en un plazo de 12 horas para evitar la cancelacion definitiva de su cuenta y perder su historial.",facturacion@actualiza-ahora.net,phishing
Tu cuenta de Instagram sera eliminada en 6 horas,"Hola, detectamos actividad inusual en tu cuenta. Para evitar la suspension definitiva, confirma tu identidad ahora mismo en http://notificaciones-oficiales.xyz/confirmar. Tienes 24 horas antes de perder acceso permanente a tus fotos y contactos.",soporte@notificaciones-oficiales.xyz,phishing
Ha sido seleccionado para un sorteo exclusivo,"Estimado(a) Paula, le informamos que ha sido seleccionado entre miles de participantes para recibir un premio de MXN 248. Para reclamarlo, confirme sus datos personales y bancarios en http://goo.gl/reclamar antes de que el premio sea reasignado a otro ganador.",premios@verificacion-cuenta.info,phishing
Ha sido seleccionado para un sorteo exclusivo,"Estimado(a) Isabel, le informamos que ha sido seleccionado entre miles de participantes para recibir un premio de COP 834. Para reclamarlo, confirme sus datos personales y bancarios en http://notificaciones-oficiales.xyz/reclamar antes de que el premio sea reasignado a otro ganador.",premios@notificaciones-oficiales.xyz,phishing
Pago pendiente de aduana para su envio,"Estimado cliente, su paquete con codigo 47447 no pudo ser entregado por un pago pendiente de CLP 4.407 en gastos de aduana. Realice el pago en http://acceso-seguro.info/pago dentro de las proximas 6 horas o el paquete sera devuelto al remitente.",envios@acceso-seguro.info,phishing
Alerta: actividad inusual en su cuenta de Banco de Chile,"Estimado cliente de Banco de Chile, detectamos un movimiento de CLP 9.221 que no coincide con su patron habitual de consumo. Por su seguridad, verifique su identidad de inmediato en http://tinyurl.com/verificar antes de las 12 horas, de lo contrario procederemos a bloquear su cuenta de forma permanente.",seguridad@alerta-usuarios.xyz,phishing
SUNAT: se detecto una inconsistencia en su declaracion,"Estimado contribuyente, SUNAT le informa que tiene una devolucion pendiente de PEN 8.639. Para procesar el pago, actualice sus datos bancarios en http://goo.gl/tramite en un plazo maximo de 6 dias habiles, de lo contrario el tramite sera cancelado automaticamente.",notificaciones@confirmacion-datos.click,phishing
Necesito que gestiones un pago urgente antes de mediodia,"Hola, estoy en una reunion y no puedo hablar por telefono. Necesito que gestiones una transferencia urgente de EUR 4.481 antes de las 6 horas. Te escribo los datos del beneficiario en un momento, por favor confirma que estas disponible.",direccion.general@seguridad-online.net,phishing
Confidencial: aprobacion de pago pendiente de tu firma,"Hola, estoy en una reunion y no puedo hablar por telefono. Necesito que gestiones una transferencia urgente de EUR 7.069 antes de las 24 horas. Te escribo los datos del beneficiario en un momento, por favor confirma que estas disponible.",direccion.general@soporte-tecnico.info,phishing
Confirme su identidad - Bancolombia banca en linea,"Estimado cliente de Bancolombia, detectamos un movimiento de COP 861 que no coincide con su patron habitual de consumo. Por su seguridad, verifique su identidad de inmediato en http://notificaciones-oficiales.xyz/verificar antes de las 24 horas, de lo contrario procederemos a bloquear su cuenta de forma permanente.",seguridad@notificaciones-oficiales.xyz,phishing
Confidencial: aprobacion de pago pendiente de tu firma,"Hola, estoy en una reunion y no puedo hablar por telefono. Necesito que gestiones una transferencia urgente de EUR 2.210 antes de las 48 horas. Te escribo los datos del beneficiario en un momento, por favor confirma que estas disponible.",direccion.general@alerta-usuarios.xyz,phishing
DIAN: se detecto una inconsistencia en su declaracion,"Estimado contribuyente, DIAN le informa que tiene una devolucion pendiente de COP 6.304. Para procesar el pago, actualice sus datos bancarios en http://bit.ly/tramite en un plazo maximo de 6 dias habiles, de lo contrario el tramite sera cancelado automaticamente.",notificaciones@seguridad-online.net,phishing
Tu cuenta de Instagram sera eliminada en 48 horas,"Hola, detectamos actividad inusual en tu cuenta. Para evitar la suspension definitiva, confirma tu identidad ahora mismo en http://actualiza-ahora.net/confirmar. Tienes 48 horas antes de perder acceso permanente a tus fotos y contactos.",soporte@actualiza-ahora.net,phishing
Alerta: actividad inusual en su cuenta de Santander,"Estimado cliente de Santander, detectamos un movimiento de EUR 4.131 que no coincide con su patron habitual de consumo. Por su seguridad, verifique su identidad de inmediato en http://goo.gl/verificar antes de las 12 horas, de lo contrario procederemos a bloquear su cuenta de forma permanente.",seguridad@notificaciones-oficiales.xyz,phishing
Movimiento no reconocido por COP 3.272 en su cuenta,"Estimado cliente de Bancolombia, detectamos un movimiento de COP 8.626 que no coincide con su patron habitual de consumo. Por su seguridad, verifique su identidad de inmediato en http://seguridad-online.net/verificar antes de las 6 horas, de lo contrario procederemos a bloquear su cuenta de forma permanente.",seguridad@seguridad-online.net,phishing
Su numero fue elegido para recibir PEN 6.325,"Estimado(a) Fernando, le informamos que ha sido seleccionado entre miles de participantes para recibir un premio de PEN 3.901. Para reclamarlo, confirme sus datos personales y bancarios en http://acceso-seguro.info/reclamar antes de que el premio sea reasignado a otro ganador.",premios@acceso-seguro.info,phishing
Notificacion oficial de DIAN - regularice su situacion,"Estimado contribuyente, DIAN le informa que tiene una devolucion pendiente de COP 4.230. Para procesar el pago, actualice sus datos bancarios en http://notificaciones-oficiales.xyz/tramite en un plazo maximo de 48 dias habiles, de lo contrario el tramite sera cancelado automaticamente.",notificaciones@notificaciones-oficiales.xyz,phishing
Su numero fue elegido para recibir CLP 1.488,"Estimado(a) Carmen, le informamos que ha sido seleccionado entre miles de participantes para recibir un premio de CLP 5.433. Para reclamarlo, confirme sus datos personales y bancarios en http://verificacion-cuenta.info/reclamar antes de que el premio sea reasignado a otro ganador.",premios@verificacion-cuenta.info,phishing
Su paquete no pudo ser entregado - accion requerida,"Estimado cliente, su paquete con codigo 70223 no pudo ser entregado por un pago pendiente de CLP 8.352 en gastos de aduana. Realice el pago en http://verificacion-cuenta.info/pago dentro de las proximas 6 horas o el paquete sera devuelto al remitente.",envios@verificacion-cuenta.info,phishing
Notificacion oficial de SAT - regularice su situacion,"Estimado contribuyente, SAT le informa que tiene una devolucion pendiente de MXN 4.611. Para procesar el pago, actualice sus datos bancarios en http://bit.ly/tramite en un plazo maximo de 6 dias habiles, de lo contrario el tramite sera cancelado automaticamente.",notificaciones@confirmacion-datos.click,phishing
Banorte: su tarjeta ha sido bloqueada preventivamente,"Estimado cliente de Banorte, detectamos un movimiento de MXN 4.360 que no coincide con su patron habitual de consumo. Por su seguridad, verifique su identidad de inmediato en http://confirmacion-datos.click/verificar antes de las 6 horas, de lo contrario procederemos a bloquear su cuenta de forma permanente.",seguridad@confirmacion-datos.click,phishing
Su paquete no pudo ser entregado - accion requerida,"Estimado cliente, su paquete con codigo 71301 no pudo ser entregado por un pago pendiente de MXN 1.521 en gastos de aduana. Realice el pago en http://tinyurl.com/pago dentro de las proximas 48 horas o el paquete sera devuelto al remitente.",envios@soporte-tecnico.info,phishing
Tu cuenta de Instagram sera eliminada en 6 horas,"Hola, detectamos actividad inusual en tu cuenta. Para evitar la suspension definitiva, confirma tu identidad ahora mismo en http://seguridad-online.net/confirmar. Tienes 6 horas antes de perder acceso permanente a tus fotos y contactos.",soporte@seguridad-online.net,phishing
Su numero fue elegido para recibir ARS 5.594,"Estimado(a) Sofia, le informamos que ha sido seleccionado entre miles de participantes para recibir un premio de ARS 7.379. Para reclamarlo, confirme sus datos personales y bancarios en http://soporte-tecnico.info/reclamar antes de que el premio sea reasignado a otro ganador.",premios@soporte-tecnico.info,phishing
Notificacion oficial de SII - regularice su situacion,"Estimado contribuyente, SII le informa que tiene una devolucion pendiente de CLP 9.284. Para procesar el pago, actualice sus datos bancarios en http://alerta-usuarios.xyz/tramite en un plazo maximo de 48 dias habiles, de lo contrario el tramite sera cancelado automaticamente.",notificaciones@alerta-usuarios.xyz,phishing
Pago pendiente de aduana para su envio,"Estimado cliente, su paquete con codigo 32260 no pudo ser entregado por un pago pendiente de PEN 1.914 en gastos de aduana. Realice el pago en http://confirmacion-datos.click/pago dentro de las proximas 6 horas o el paquete sera devuelto al remitente.",envios@confirmacion-datos.click,phishing
Problema con su metodo de pago - suscripcion suspendida,"Estimado usuario, no pudimos procesar el cobro de su suscripcion mensual. Actualice su metodo de pago en http://verificacion-cuenta.info/pago en un plazo de 12 horas para evitar la cancelacion definitiva de su cuenta y perder su historial.",facturacion@verificacion-cuenta.info,phishing
Ha sido seleccionado para un sorteo exclusivo,"Estimado(a) Andres, le informamos que ha sido seleccionado entre miles de participantes para recibir un premio de MXN 4.919. Para reclamarlo, confirme sus datos personales y bancarios en http://soporte-tecnico.info/reclamar antes de que el premio sea reasignado a otro ganador.",premios@soporte-tecnico.info,phishing
Bancolombia: su tarjeta ha sido bloqueada preventivamente,"Estimado cliente de Bancolombia, detectamos un movimiento de COP 5.395 que no coincide con su patron habitual de consumo. Por su seguridad, verifique su identidad de inmediato en http://acceso-seguro.info/verificar antes de las 12 horas, de lo contrario procederemos a bloquear su cuenta de forma permanente.",seguridad@acceso-seguro.info,phishing
Actualice su forma de pago para continuar disfrutando el servicio,"Estimado usuario, no pudimos procesar el cobro de su suscripcion mensual. Actualice su metodo de pago en http://soporte-tecnico.info/pago en un plazo de 24 horas para evitar la cancelacion definitiva de su cuenta y perder su historial.",facturacion@soporte-tecnico.info,phishing
Confirme su identidad - Banco Galicia banca en linea,"Estimado cliente de Banco Galicia, detectamos un movimiento de ARS 8.882 que no coincide con su patron habitual de consumo. Por su seguridad, verifique su identidad de inmediato en http://soporte-tecnico.info/verificar antes de las 6 horas, de lo contrario procederemos a bloquear su cuenta de forma permanente.",seguridad@soporte-tecnico.info,phishing
Actividad sospechosa detectada en tu cuenta de Facebook,"Hola, detectamos actividad inusual en tu cuenta. Para evitar la suspension definitiva, confirma tu identidad ahora mismo en http://actualiza-ahora.net/confirmar. Tienes 6 horas antes de perder acceso permanente a tus fotos y contactos.",soporte@actualiza-ahora.net,phishing
AFIP: se detecto una inconsistencia en su declaracion,"Estimado contribuyente, AFIP le informa que tiene una devolucion pendiente de ARS 8.862. Para procesar el pago, actualice sus datos bancarios en http://acceso-seguro.info/tramite en un plazo maximo de 48 dias habiles, de lo contrario el tramite sera cancelado automaticamente.",notificaciones@acceso-seguro.info,phishing
Encuesta de satisfaccion sobre capacitacion continua,"Hola equipo, los invitamos a participar en la encuesta interna sobre auditoria interna. Sus respuestas son anonimas y nos ayudan a mejorar continuamente. La encuesta estara disponible hasta el el 20 de este mes.",comunicaciones@serviciosaltiplano.com,benigno
Tu opinion es importante - encuesta de clima laboral,"Hola equipo, los invitamos a participar en la encuesta interna sobre gestion de proyectos. Sus respuestas son anonimas y nos ayudan a mejorar continuamente. La encuesta estara disponible hasta el miercoles proximo.",comunicaciones@grupoandina.com,benigno
Tu solicitud fue resuelta correctamente,"Estimado usuario, su ticket #1725 relacionado con bienestar laboral fue actualizado por el area de soporte interno. Puede revisar la respuesta completa ingresando al sistema de mesa de ayuda con su usuario habitual.",mesadeayuda@consultoraprisma.com,benigno
Induccion para nuevos colaboradores - el viernes por la tarde,"Hola a todos, nos da mucho gusto anunciar la incorporacion de Sebastian a nuestro equipo de seguridad informatica. La induccion sera el miercoles proximo. Les pedimos darle una calida bienvenida.",comunicaciones@grupoandina.com,benigno
Excelente trabajo en la presentacion de ayer,"Hola Ana, queria agradecerte por tu apoyo con el tema de auditoria interna esta semana. Tus comentarios fueron muy utiles para el equipo. Cualquier cosa que necesites de mi parte, avisame.",ana.fuentes@logisticahorizonte.com,benigno
Tu solicitud fue resuelta correctamente,"Estimado usuario, su ticket #1779 relacionado con onboarding fue actualizado por el area de soporte interno. Puede revisar la respuesta completa ingresando al sistema de mesa de ayuda con su usuario habitual.",mesadeayuda@tecnologiavertice.com,benigno
Te invitamos a la charla sobre sostenibilidad,"Estimado equipo, este mes celebramos el aniversario de la empresa con actividades para todos los colaboradores, incluyendo una charla sobre cierre de mes el la proxima semana. Pronto compartiremos el cronograma completo con mas detalles.",comunicaciones@logisticahorizonte.com,benigno
Excelente trabajo en la presentacion de ayer,"Hola Paula, queria agradecerte por tu apoyo con el tema de sostenibilidad esta semana. Tus comentarios fueron muy utiles para el equipo. Cualquier cosa que necesites de mi parte, avisame.",paula.jimenez@industriasmeridiano.com,benigno
Nuevo beneficio de bienestar para colaboradores,"Estimado equipo, les informamos que a partir de este mes se actualizo la politica interna relacionada con trabajo en equipo. Pueden revisar el documento completo en la intranet corporativa. Cualquier duda, contactar al area de Recursos Humanos.",rrhh@corporativosureste.com,benigno
Coordinacion de la reunion de onboarding - el viernes por la tarde,"Hola equipo, para la reunion del martes sobre innovacion necesitamos revisar los avances pendientes. Por favor confirmen su asistencia y traigan sus reportes actualizados. Nos vemos en la sala habitual.",rodrigo.salas@serviciosaltiplano.com,benigno
Confirmacion de tu pedido #2265,"Hola Sofia, gracias por tu compra reciente. Tu pedido #4170 por COP 680 fue procesado correctamente y sera entregado en un plazo de 3 a 5 dias habiles. Puedes revisar el estado de tu envio desde tu cuenta.",pedidos@consultoraprisma.com,benigno
Tu compra fue despachada correctamente,"Hola Ana, gracias por tu compra reciente. Tu pedido #9131 por MXN 350 fue procesado correctamente y sera entregado en un plazo de 3 a 5 dias habiles. Puedes revisar el estado de tu envio desde tu cuenta.",pedidos@industriasmeridiano.com,benigno
Gracias por tu compra en nuestra tienda,"Hola Maria, gracias por tu compra reciente. Tu pedido #4639 por CLP 48 fue procesado correctamente y sera entregado en un plazo de 3 a 5 dias habiles. Puedes revisar el estado de tu envio desde tu cuenta.",pedidos@logisticahorizonte.com,benigno
Actividades programadas para el el 20 de este mes,"Estimado equipo, este mes celebramos el aniversario de la empresa con actividades para todos los colaboradores, incluyendo una charla sobre innovacion el la proxima semana. Pronto compartiremos el cronograma completo con mas detalles.",comunicaciones@distribuidoracentral.com,benigno
Induccion para nuevos colaboradores - martes,"Hola a todos, nos da mucho gusto anunciar la incorporacion de Paula a nuestro equipo de onboarding. La induccion sera el el 20 de este mes. Les pedimos darle una calida bienvenida.",comunicaciones@corporativosureste.com,benigno
Excelente trabajo en la presentacion de ayer,"Hola Jorge, queria agradecerte por tu apoyo con el tema de innovacion esta semana. Tus comentarios fueron muy utiles para el equipo. Cualquier cosa que necesites de mi parte, avisame.",jorge.castillo@consultoraprisma.com,benigno
Invitacion: celebracion de aniversario de la empresa,"Estimado equipo, este mes celebramos el aniversario de la empresa con actividades para todos los colaboradores, incluyendo una charla sobre atencion al cliente el miercoles proximo. Pronto compartiremos el cronograma completo con mas detalles.",comunicaciones@consultoraprisma.com,benigno
Nuevo beneficio de bienestar para colaboradores,"Estimado equipo, les informamos que a partir de este mes se actualizo la politica interna relacionada con auditoria interna. Pueden revisar el documento completo en la intranet corporativa. Cualquier duda, contactar al area de Recursos Humanos.",rrhh@consultoraprisma.com,benigno
Reporte automatico de indicadores generado,"Estimado equipo, el respaldo semanal de informacion de los servidores internos se completo exitosamente sin incidencias. El proximo mantenimiento programado sera el martes. No se requiere ninguna accion de su parte.",infraestructura@grupoandina.com,benigno
Actividades programadas para el la proxima semana,"Estimado equipo, este mes celebramos el aniversario de la empresa con actividades para todos los colaboradores, incluyendo una charla sobre capacitacion continua el martes. Pronto compartiremos el cronograma completo con mas detalles.",comunicaciones@logisticahorizonte.com,benigno
Encuesta de satisfaccion sobre bienestar laboral,"Hola equipo, los invitamos a participar en la encuesta interna sobre seguridad informatica. Sus respuestas son anonimas y nos ayudan a mejorar continuamente. La encuesta estara disponible hasta el lunes.",comunicaciones@corporativosureste.com,benigno
Recordatorio de pago - servicio contratado,"Estimado cliente, adjuntamos la factura electronica correspondiente a su servicio contratado por un monto de ARS 300. Puede consultar el detalle completo ingresando a su cuenta habitual en nuestro portal.",facturacion@logisticahorizonte.com,benigno
Recordatorio de pago - servicio contratado,"Estimado cliente, adjuntamos la factura electronica correspondiente a su servicio contratado por un monto de CLP 744. Puede consultar el detalle completo ingresando a su cuenta habitual en nuestro portal.",facturacion@distribuidoracentral.com,benigno
Agenda de la semana - equipo de onboarding,"Hola equipo, para la reunion del miercoles proximo sobre innovacion necesitamos revisar los avances pendientes. Por favor confirmen su asistencia y traigan sus reportes actualizados. Nos vemos en la sala habitual.",gabriela.ortiz@logisticahorizonte.com,benigno
Respuesta a tu consulta sobre seguridad informatica,"Estimado usuario, su ticket #6585 relacionado con onboarding fue actualizado por el area de soporte interno. Puede revisar la respuesta completa ingresando al sistema de mesa de ayuda con su usuario habitual.",mesadeayuda@serviciosaltiplano.com,benigno
Gracias por tu ayuda con el informe,"Hola Sebastian, queria agradecerte por tu apoyo con el tema de sostenibilidad esta semana. Tus comentarios fueron muy utiles para el equipo. Cualquier cosa que necesites de mi parte, avisame.",sebastian.nunez@tecnologiavertice.com,benigno
Ticket #8232 actualizado por el area de soporte,"Estimado usuario, su ticket #8878 relacionado con auditoria interna fue actualizado por el area de soporte interno. Puede revisar la respuesta completa ingresando al sistema de mesa de ayuda con su usuario habitual.",mesadeayuda@serviciosaltiplano.com,benigno
Ticket #7817 actualizado por el area de soporte,"Estimado usuario, su ticket #1704 relacionado con capacitacion continua fue actualizado por el area de soporte interno. Puede revisar la respuesta completa ingresando al sistema de mesa de ayuda con su usuario habitual.",mesadeayuda@serviciosaltiplano.com,benigno
Gracias por tu ayuda con el informe,"Hola Gabriela, queria agradecerte por tu apoyo con el tema de gestion de proyectos esta semana. Tus comentarios fueron muy utiles para el equipo. Cualquier cosa que necesites de mi parte, avisame.",gabriela.ortiz@serviciosaltiplano.com,benigno
Te invitamos a la charla sobre cierre de mes,"Estimado equipo, este mes celebramos el aniversario de la empresa con actividades para todos los colaboradores, incluyendo una charla sobre bienestar laboral el el 20 de este mes. Pronto compartiremos el cronograma completo con mas detalles.",comunicaciones@industriasmeridiano.com,benigno
Gracias por tu ayuda con el informe,"Hola Paula, queria agradecerte por tu apoyo con el tema de trabajo en equipo esta semana. Tus comentarios fueron muy utiles para el equipo. Cualquier cosa que necesites de mi parte, avisame.",paula.jimenez@corporativosureste.com,benigno
Excelente trabajo en la presentacion de ayer,"Hola Jorge, queria agradecerte por tu apoyo con el tema de capacitacion continua esta semana. Tus comentarios fueron muy utiles para el equipo. Cualquier cosa que necesites de mi parte, avisame.",jorge.castillo@logisticahorizonte.com,benigno
Coordinacion de la reunion de bienestar laboral - la proxima semana,"Hola equipo, para la reunion del miercoles proximo sobre seguridad informatica necesitamos revisar los avances pendientes. Por favor confirmen su asistencia y traigan sus reportes actualizados. Nos vemos en la sala habitual.",sebastian.nunez@industriasmeridiano.com,benigno
Factura electronica correspondiente al mes de lunes,"Estimado cliente, adjuntamos la factura electronica correspondiente a su servicio contratado por un monto de COP 485. Puede consultar el detalle completo ingresando a su cuenta habitual en nuestro portal.",facturacion@consultoraprisma.com,benigno
Actualizacion de la politica de home office,"Estimado equipo, les informamos que a partir de este mes se actualizo la politica interna relacionada con innovacion. Pueden revisar el documento completo en la intranet corporativa. Cualquier duda, contactar al area de Recursos Humanos.",rrhh@tecnologiavertice.com,benigno
Seguimiento de pendientes del proyecto atencion al cliente,"Hola equipo, para la reunion del el viernes por la tarde sobre seguridad informatica necesitamos revisar los avances pendientes. Por favor confirmen su asistencia y traigan sus reportes actualizados. Nos vemos en la sala habitual.",sofia.herrera@corporativosureste.com,benigno
Recordatorio de pago - servicio contratado,"Estimado cliente, adjuntamos la factura electronica correspondiente a su servicio contratado por un monto de EUR 602. Puede consultar el detalle completo ingresando a su cuenta habitual en nuestro portal.",facturacion@industriasmeridiano.com,benigno
Excelente trabajo en la presentacion de ayer,"Hola Carlos, queria agradecerte por tu apoyo con el tema de atencion al cliente esta semana. Tus comentarios fueron muy utiles para el equipo. Cualquier cosa que necesites de mi parte, avisame.",carlos.mendoza@distribuidoracentral.com,benigno
Factura electronica correspondiente al mes de lunes,"Estimado cliente, adjuntamos la factura electronica correspondiente a su servicio contratado por un monto de COP 590. Puede consultar el detalle completo ingresando a su cuenta habitual en nuestro portal.",facturacion@consultoraprisma.com,benigno
Tu compra fue despachada correctamente,"Hola Carmen, gracias por tu compra reciente. Tu pedido #9017 por CLP 629 fue procesado correctamente y sera entregado en un plazo de 3 a 5 dias habiles. Puedes revisar el estado de tu envio desde tu cuenta.",pedidos@consultoraprisma.com,benigno
Actividades programadas para el el 20 de este mes,"Estimado equipo, este mes celebramos el aniversario de la empresa con actividades para todos los colaboradores, incluyendo una charla sobre capacitacion continua el la proxima semana. Pronto compartiremos el cronograma completo con mas detalles.",comunicaciones@serviciosaltiplano.com,benigno
Confirmacion de tu pedido #1562,"Hola Ricardo, gracias por tu compra reciente. Tu pedido #9673 por CLP 750 fue procesado correctamente y sera entregado en un plazo de 3 a 5 dias habiles. Puedes revisar el estado de tu envio desde tu cuenta.",pedidos@grupoandina.com,benigno
Tu opinion es importante - encuesta de clima laboral,"Hola equipo, los invitamos a participar en la encuesta interna sobre gestion de proyectos. Sus respuestas son anonimas y nos ayudan a mejorar continuamente. La encuesta estara disponible hasta el el 20 de este mes.",comunicaciones@tecnologiavertice.com,benigno
Mantenimiento programado del sistema - el 20 de este mes,"Estimado equipo, el respaldo semanal de informacion de los servidores internos se completo exitosamente sin incidencias. El proximo mantenimiento programado sera el el 20 de este mes. No se requiere ninguna accion de su parte.",infraestructura@serviciosaltiplano.com,benigno
"Bienvenida al equipo, Valentina","Hola a todos, nos da mucho gusto anunciar la incorporacion de Valentina a nuestro equipo de clima laboral. La induccion sera el el viernes por la tarde. Les pedimos darle una calida bienvenida.",comunicaciones@grupoandina.com,benigno
Nuevo beneficio de bienestar para colaboradores,"Estimado equipo, les informamos que a partir de este mes se actualizo la politica interna relacionada con clima laboral. Pueden revisar el documento completo en la intranet corporativa. Cualquier duda, contactar al area de Recursos Humanos.",rrhh@tecnologiavertice.com,benigno
Tu opinion es importante - encuesta de clima laboral,"Hola equipo, los invitamos a participar en la encuesta interna sobre sostenibilidad. Sus respuestas son anonimas y nos ayudan a mejorar continuamente. La encuesta estara disponible hasta el martes.",comunicaciones@corporativosureste.com,benigno
Te invitamos a la charla sobre clima laboral,"Estimado equipo, este mes celebramos el aniversario de la empresa con actividades para todos los colaboradores, incluyendo una charla sobre capacitacion continua el la proxima semana. Pronto compartiremos el cronograma completo con mas detalles.",comunicaciones@grupoandina.com,benigno
Actualizacion de la politica de home office,"Estimado equipo, les informamos que a partir de este mes se actualizo la politica interna relacionada con seguridad informatica. Pueden revisar el documento completo en la intranet corporativa. Cualquier duda, contactar al area de Recursos Humanos.",rrhh@logisticahorizonte.com,benigno
Encuesta de satisfaccion sobre capacitacion continua,"Hola equipo, los invitamos a participar en la encuesta interna sobre gestion de proyectos. Sus respuestas son anonimas y nos ayudan a mejorar continuamente. La encuesta estara disponible hasta el miercoles proximo.",comunicaciones@grupoandina.com,benigno
Actualizacion de la politica de home office,"Estimado equipo, les informamos que a partir de este mes se actualizo la politica interna relacionada con cierre de mes. Pueden revisar el documento completo en la intranet corporativa. Cualquier duda, contactar al area de Recursos Humanos.",rrhh@tecnologiavertice.com,benigno
Mantenimiento programado del sistema - el 20 de este mes,"Estimado equipo, el respaldo semanal de informacion de los servidores internos se completo exitosamente sin incidencias. El proximo mantenimiento programado sera el lunes. No se requiere ninguna accion de su parte.",infraestructura@logisticahorizonte.com,benigno
Tu opinion es importante - encuesta de clima laboral,"Hola equipo, los invitamos a participar en la encuesta interna sobre cierre de mes. Sus respuestas son anonimas y nos ayudan a mejorar continuamente. La encuesta estara disponible hasta el miercoles proximo.",comunicaciones@logisticahorizonte.com,benigno
Respuesta a tu consulta sobre sostenibilidad,"Estimado usuario, su ticket #6535 relacionado con gestion de proyectos fue actualizado por el area de soporte interno. Puede revisar la respuesta completa ingresando al sistema de mesa de ayuda con su usuario habitual.",mesadeayuda@tecnologiavertice.com,benigno
Actividades programadas para el la proxima semana,"Estimado equipo, este mes celebramos el aniversario de la empresa con actividades para todos los colaboradores, incluyendo una charla sobre auditoria interna el lunes. Pronto compartiremos el cronograma completo con mas detalles.",comunicaciones@logisticahorizonte.com,benigno
Gracias por cubrir la reunion de sostenibilidad,"Hola Sofia, queria agradecerte por tu apoyo con el tema de clima laboral esta semana. Tus comentarios fueron muy utiles para el equipo. Cualquier cosa que necesites de mi parte, avisame.",sofia.herrera@serviciosaltiplano.com,benigno
Seguimiento de pendientes del proyecto auditoria interna,"Hola equipo, para la reunion del miercoles proximo sobre auditoria interna necesitamos revisar los avances pendientes. Por favor confirmen su asistencia y traigan sus reportes actualizados. Nos vemos en la sala habitual.",isabel.gomez@consultoraprisma.com,benigno
Gracias por tu compra en nuestra tienda,"Hola Ricardo, gracias por tu compra reciente. Tu pedido #8650 por CLP 625 fue procesado correctamente y sera entregado en un plazo de 3 a 5 dias habiles. Puedes revisar el estado de tu envio desde tu cuenta.",pedidos@serviciosaltiplano.com,benigno
Induccion para nuevos colaboradores - la proxima semana,"Hola a todos, nos da mucho gusto anunciar la incorporacion de Fernando a nuestro equipo de clima laboral. La induccion sera el el 20 de este mes. Les pedimos darle una calida bienvenida.",comunicaciones@tecnologiavertice.com,benigno
Recordatorio de pago - servicio contratado,"Estimado cliente, adjuntamos la factura electronica correspondiente a su servicio contratado por un monto de CLP 667. Puede consultar el detalle completo ingresando a su cuenta habitual en nuestro portal.",facturacion@serviciosaltiplano.com,benigno
Te invitamos a la charla sobre atencion al cliente,"Estimado equipo, este mes celebramos el aniversario de la empresa con actividades para todos los colaboradores, incluyendo una charla sobre gestion de proyectos el lunes. Pronto compartiremos el cronograma completo con mas detalles.",comunicaciones@tecnologiavertice.com,benigno
Ticket #7006 actualizado por el area de soporte,"Estimado usuario, su ticket #7758 relacionado con innovacion fue actualizado por el area de soporte interno. Puede revisar la respuesta completa ingresando al sistema de mesa de ayuda con su usuario habitual.",mesadeayuda@consultoraprisma.com,benigno
Gracias por tu ayuda con el informe,"Hola Camila, queria agradecerte por tu apoyo con el tema de innovacion esta semana. Tus comentarios fueron muy utiles para el equipo. Cualquier cosa que necesites de mi parte, avisame.",camila.reyes@tecnologiavertice.com,benigno
Reporte automatico de indicadores generado,"Estimado equipo, el respaldo semanal de informacion de los servidores internos se completo exitosamente sin incidencias. El proximo mantenimiento programado sera el el 20 de este mes. No se requiere ninguna accion de su parte.",infraestructura@distribuidoracentral.com,benigno
Respaldo semanal completado exitosamente,"Estimado equipo, el respaldo semanal de informacion de los servidores internos se completo exitosamente sin incidencias. El proximo mantenimiento programado sera el martes. No se requiere ninguna accion de su parte.",infraestructura@industriasmeridiano.com,benigno
Tu opinion es importante - encuesta de clima laboral,"Hola equipo, los invitamos a participar en la encuesta interna sobre onboarding. Sus respuestas son anonimas y nos ayudan a mejorar continuamente. La encuesta estara disponible hasta el lunes.",comunicaciones@grupoandina.com,benigno
Gracias por tu compra en nuestra tienda,"Hola Daniela, gracias por tu compra reciente. Tu pedido #2283 por MXN 247 fue procesado correctamente y sera entregado en un plazo de 3 a 5 dias habiles. Puedes revisar el estado de tu envio desde tu cuenta.",pedidos@tecnologiavertice.com,benigno
Tu opinion es importante - encuesta de clima laboral,"Hola equipo, los invitamos a participar en la encuesta interna sobre bienestar laboral. Sus respuestas son anonimas y nos ayudan a mejorar continuamente. La encuesta estara disponible hasta el el 20 de este mes.",comunicaciones@serviciosaltiplano.com,benigno
Factura electronica correspondiente al mes de el viernes por la tarde,"Estimado cliente, adjuntamos la factura electronica correspondiente a su servicio contratado por un monto de PEN 74. Puede consultar el detalle completo ingresando a su cuenta habitual en nuestro portal.",facturacion@consultoraprisma.com,benigno
Recordatorio: entrega de recibos de nomina,"Estimado equipo, les informamos que a partir de este mes se actualizo la politica interna relacionada con capacitacion continua. Pueden revisar el documento completo en la intranet corporativa. Cualquier duda, contactar al area de Recursos Humanos.",rrhh@logisticahorizonte.com,benigno
Encuesta de satisfaccion sobre trabajo en equipo,"Hola equipo, los invitamos a participar en la encuesta interna sobre cierre de mes. Sus respuestas son anonimas y nos ayudan a mejorar continuamente. La encuesta estara disponible hasta el miercoles proximo.",comunicaciones@logisticahorizonte.com,benigno
Gracias por cubrir la reunion de onboarding,"Hola Isabel, queria agradecerte por tu apoyo con el tema de auditoria interna esta semana. Tus comentarios fueron muy utiles para el equipo. Cualquier cosa que necesites de mi parte, avisame.",isabel.gomez@grupoandina.com,benigno
Encuesta de satisfaccion sobre sostenibilidad,"Hola equipo, los invitamos a participar en la encuesta interna sobre atencion al cliente. Sus respuestas son anonimas y nos ayudan a mejorar continuamente. La encuesta estara disponible hasta el miercoles proximo.",comunicaciones@industriasmeridiano.com,benigno
Respuesta a tu consulta sobre cierre de mes,"Estimado usuario, su ticket #2056 relacionado con gestion de proyectos fue actualizado por el area de soporte interno. Puede revisar la respuesta completa ingresando al sistema de mesa de ayuda con su usuario habitual.",mesadeayuda@consultoraprisma.com,benigno
Recordatorio de pago - servicio contratado,"Estimado cliente, adjuntamos la factura electronica correspondiente a su servicio contratado por un monto de EUR 74. Puede consultar el detalle completo ingresando a su cuenta habitual en nuestro portal.",facturacion@logisticahorizonte.com,benigno
Su recibo de pago ya esta disponible,"Estimado cliente, adjuntamos la factura electronica correspondiente a su servicio contratado por un monto de EUR 481. Puede consultar el detalle completo ingresando a su cuenta habitual en nuestro portal.",facturacion@serviciosaltiplano.com,benigno
Excelente trabajo en la presentacion de ayer,"Hola Ricardo, queria agradecerte por tu apoyo con el tema de innovacion esta semana. Tus comentarios fueron muy utiles para el equipo. Cualquier cosa que necesites de mi parte, avisame.",ricardo.vargas@serviciosaltiplano.com,benigno
"Bienvenida al equipo, Sebastian","Hola a todos, nos da mucho gusto anunciar la incorporacion de Sebastian a nuestro equipo de trabajo en equipo. La induccion sera el el 20 de este mes. Les pedimos darle una calida bienvenida.",comunicaciones@distribuidoracentral.com,benigno
Gracias por tu ayuda con el informe,"Hola Valentina, queria agradecerte por tu apoyo con el tema de capacitacion continua esta semana. Tus comentarios fueron muy utiles para el equipo. Cualquier cosa que necesites de mi parte, avisame.",valentina.cruz@tecnologiavertice.com,benigno
Excelente trabajo en la presentacion de ayer,"Hola Rodrigo, queria agradecerte por tu apoyo con el tema de cierre de mes esta semana. Tus comentarios fueron muy utiles para el equipo. Cualquier cosa que necesites de mi parte, avisame.",rodrigo.salas@consultoraprisma.com,benigno
Recordatorio de pago - servicio contratado,"Estimado cliente, adjuntamos la factura electronica correspondiente a su servicio contratado por un monto de ARS 290. Puede consultar el detalle completo ingresando a su cuenta habitual en nuestro portal.",facturacion@industriasmeridiano.com,benigno
Gracias por tu ayuda con el informe,"Hola Carlos, queria agradecerte por tu apoyo con el tema de bienestar laboral esta semana. Tus comentarios fueron muy utiles para el equipo. Cualquier cosa que necesites de mi parte, avisame.",carlos.mendoza@tecnologiavertice.com,benigno
Coordinacion de la reunion de innovacion - lunes,"Hola equipo, para la reunion del lunes sobre seguridad informatica necesitamos revisar los avances pendientes. Por favor confirmen su asistencia y traigan sus reportes actualizados. Nos vemos en la sala habitual.",luis.rojas@serviciosaltiplano.com,benigno
Gracias por cubrir la reunion de cierre de mes,"Hola Camila, queria agradecerte por tu apoyo con el tema de seguridad informatica esta semana. Tus comentarios fueron muy utiles para el equipo. Cualquier cosa que necesites de mi parte, avisame.",camila.reyes@logisticahorizonte.com,benigno
Excelente trabajo en la presentacion de ayer,"Hola Ricardo, queria agradecerte por tu apoyo con el tema de sostenibilidad esta semana. Tus comentarios fueron muy utiles para el equipo. Cualquier cosa que necesites de mi parte, avisame.",ricardo.vargas@logisticahorizonte.com,benigno
Gracias por tu compra en nuestra tienda,"Hola Carlos, gracias por tu compra reciente. Tu pedido #2486 por CLP 462 fue procesado correctamente y sera entregado en un plazo de 3 a 5 dias habiles. Puedes revisar el estado de tu envio desde tu cuenta.",pedidos@industriasmeridiano.com,benigno
Gracias por tu compra en nuestra tienda,"Hola Andres, gracias por tu compra reciente. Tu pedido #1102 por MXN 436 fue procesado correctamente y sera entregado en un plazo de 3 a 5 dias habiles. Puedes revisar el estado de tu envio desde tu cuenta.",pedidos@corporativosureste.com,benigno
Mantenimiento programado del sistema - martes,"Estimado equipo, el respaldo semanal de informacion de los servidores internos se completo exitosamente sin incidencias. El proximo mantenimiento programado sera el martes. No se requiere ninguna accion de su parte.",infraestructura@grupoandina.com,benigno
Seguimiento de pendientes del proyecto sostenibilidad,"Hola equipo, para la reunion del el 20 de este mes sobre clima laboral necesitamos revisar los avances pendientes. Por favor confirmen su asistencia y traigan sus reportes actualizados. Nos vemos en la sala habitual.",camila.reyes@logisticahorizonte.com,benigno
Induccion para nuevos colaboradores - el 20 de este mes,"Hola a todos, nos da mucho gusto anunciar la incorporacion de Diego a nuestro equipo de cierre de mes. La induccion sera el la proxima semana. Les pedimos darle una calida bienvenida.",comunicaciones@serviciosaltiplano.com,benigno
Actividades programadas para el el viernes por la tarde,"Estimado equipo, este mes celebramos el aniversario de la empresa con actividades para todos los colaboradores, incluyendo una charla sobre innovacion el el viernes por la tarde. Pronto compartiremos el cronograma completo con mas detalles.",comunicaciones@tecnologiavertice.com,benigno
Induccion para nuevos colaboradores - el viernes por la tarde,"Hola a todos, nos da mucho gusto anunciar la incorporacion de Ana a nuestro equipo de clima laboral. La induccion sera el el viernes por la tarde. Les pedimos darle una calida bienvenida.",comunicaciones@distribuidoracentral.com,benigno
"Bienvenida al equipo, Andres","Hola a todos, nos da mucho gusto anunciar la incorporacion de Andres a nuestro equipo de innovacion. La induccion sera el el viernes por la tarde. Les pedimos darle una calida bienvenida.",comunicaciones@consultoraprisma.com,benigno
Gracias por cubrir la reunion de bienestar laboral,"Hola Andres, queria agradecerte por tu apoyo con el tema de bienestar laboral esta semana. Tus comentarios fueron muy utiles para el equipo. Cualquier cosa que necesites de mi parte, avisame.",andres.paredes@industriasmeridiano.com,benigno
Respuesta a tu consulta sobre innovacion,"Estimado usuario, su ticket #1132 relacionado con cierre de mes fue actualizado por el area de soporte interno. Puede revisar la respuesta completa ingresando al sistema de mesa de ayuda con su usuario habitual.",mesadeayuda@industriasmeridiano.com,benigno
Su recibo de pago ya esta disponible,"Estimado cliente, adjuntamos la factura electronica correspondiente a su servicio contratado por un monto de MXN 461. Puede consultar el detalle completo ingresando a su cuenta habitual en nuestro portal.",facturacion@logisticahorizonte.com,benigno
Seguimiento de pendientes del proyecto clima laboral,"Hola equipo, para la reunion del miercoles proximo sobre trabajo en equipo necesitamos revisar los avances pendientes. Por favor confirmen su asistencia y traigan sus reportes actualizados. Nos vemos en la sala habitual.",sofia.herrera@corporativosureste.com,benigno
Actividades programadas para el lunes,"Estimado equipo, este mes celebramos el aniversario de la empresa con actividades para todos los colaboradores, incluyendo una charla sobre trabajo en equipo el el 20 de este mes. Pronto compartiremos el cronograma completo con mas detalles.",comunicaciones@industriasmeridiano.com,benigno
Convocatoria a capacitacion de auditoria interna,"Estimado equipo, les informamos que a partir de este mes se actualizo la politica interna relacionada con auditoria interna. Pueden revisar el documento completo en la intranet corporativa. Cualquier duda, contactar al area de Recursos Humanos.",rrhh@logisticahorizonte.com,benigno
Gracias por tu ayuda con el informe,"Hola Carlos, queria agradecerte por tu apoyo con el tema de capacitacion continua esta semana. Tus comentarios fueron muy utiles para el equipo. Cualquier cosa que necesites de mi parte, avisame.",carlos.mendoza@industriasmeridiano.com,benigno
"Bienvenida al equipo, Rodrigo","Hola a todos, nos da mucho gusto anunciar la incorporacion de Rodrigo a nuestro equipo de clima laboral. La induccion sera el el viernes por la tarde. Les pedimos darle una calida bienvenida.",comunicaciones@distribuidoracentral.com,benigno
Su recibo de pago ya esta disponible,"Estimado cliente, adjuntamos la factura electronica correspondiente a su servicio contratado por un monto de EUR 637. Puede consultar el detalle completo ingresando a su cuenta habitual en nuestro portal.",facturacion@logisticahorizonte.com,benigno
Recordatorio: entrega de recibos de nomina,"Estimado equipo, les informamos que a partir de este mes se actualizo la politica interna relacionada con atencion al cliente. Pueden revisar el documento completo en la intranet corporativa. Cualquier duda, contactar al area de Recursos Humanos.",rrhh@grupoandina.com,benigno
"Bienvenida al equipo, Diego","Hola a todos, nos da mucho gusto anunciar la incorporacion de Diego a nuestro equipo de trabajo en equipo. La induccion sera el la proxima semana. Les pedimos darle una calida bienvenida.",comunicaciones@tecnologiavertice.com,benigno
Actividades programadas para el lunes,"Estimado equipo, este mes celebramos el aniversario de la empresa con actividades para todos los colaboradores, incluyendo una charla sobre cierre de mes el martes. Pronto compartiremos el cronograma completo con mas detalles.",comunicaciones@industriasmeridiano.com,benigno
"Bienvenida al equipo, Sebastian","Hola a todos, nos da mucho gusto anunciar la incorporacion de Sebastian a nuestro equipo de cierre de mes. La induccion sera el el viernes por la tarde. Les pedimos darle una calida bienvenida.",comunicaciones@serviciosaltiplano.com,benigno
"Bienvenida al equipo, Paula","Hola a todos, nos da mucho gusto anunciar la incorporacion de Paula a nuestro equipo de atencion al cliente. La induccion sera el lunes. Les pedimos darle una calida bienvenida.",comunicaciones@distribuidoracentral.com,benigno
"Bienvenida al equipo, Diego","Hola a todos, nos da mucho gusto anunciar la incorporacion de Diego a nuestro equipo de seguridad informatica. La induccion sera el martes. Les pedimos darle una calida bienvenida.",comunicaciones@tecnologiavertice.com,benigno
Factura electronica correspondiente al mes de martes,"Estimado cliente, adjuntamos la factura electronica correspondiente a su servicio contratado por un monto de CLP 110. Puede consultar el detalle completo ingresando a su cuenta habitual en nuestro portal.",facturacion@corporativosureste.com,benigno
Tu solicitud fue resuelta correctamente,"Estimado usuario, su ticket #3861 relacionado con bienestar laboral fue actualizado por el area de soporte interno. Puede revisar la respuesta completa ingresando al sistema de mesa de ayuda con su usuario habitual.",mesadeayuda@industriasmeridiano.com,benigno
Factura electronica correspondiente al mes de el viernes por la tarde,"Estimado cliente, adjuntamos la factura electronica correspondiente a su servicio contratado por un monto de EUR 224. Puede consultar el detalle completo ingresando a su cuenta habitual en nuestro portal.",facturacion@grupoandina.com,benigno
Respuesta a tu consulta sobre trabajo en equipo,"Estimado usuario, su ticket #2394 relacionado con innovacion fue actualizado por el area de soporte interno. Puede revisar la respuesta completa ingresando al sistema de mesa de ayuda con su usuario habitual.",mesadeayuda@tecnologiavertice.com,benigno
Induccion para nuevos colaboradores - martes,"Hola a todos, nos da mucho gusto anunciar la incorporacion de Valentina a nuestro equipo de seguridad informatica. La induccion sera el la proxima semana. Les pedimos darle una calida bienvenida.",comunicaciones@logisticahorizonte.com,benigno
Confirmacion de tu pedido #9935,"Hola Luis, gracias por tu compra reciente. Tu pedido #9116 por ARS 164 fue procesado correctamente y sera entregado en un plazo de 3 a 5 dias habiles. Puedes revisar el estado de tu envio desde tu cuenta.",pedidos@grupoandina.com,benigno
Tu opinion es importante - encuesta de clima laboral,"Hola equipo, los invitamos a participar en la encuesta interna sobre trabajo en equipo. Sus respuestas son anonimas y nos ayudan a mejorar continuamente. La encuesta estara disponible hasta el martes.",comunicaciones@tecnologiavertice.com,benigno
Gracias por cubrir la reunion de capacitacion continua,"Hola Carlos, queria agradecerte por tu apoyo con el tema de seguridad informatica esta semana. Tus comentarios fueron muy utiles para el equipo. Cualquier cosa que necesites de mi parte, avisame.",carlos.mendoza@distribuidoracentral.com,benigno
Tu opinion es importante - encuesta de clima laboral,"Hola equipo, los invitamos a participar en la encuesta interna sobre cierre de mes. Sus respuestas son anonimas y nos ayudan a mejorar continuamente. La encuesta estara disponible hasta el martes.",comunicaciones@grupoandina.com,benigno
Recordatorio: entrega de recibos de nomina,"Estimado equipo, les informamos que a partir de este mes se actualizo la politica interna relacionada con cierre de mes. Pueden revisar el documento completo en la intranet corporativa. Cualquier duda, contactar al area de Recursos Humanos.",rrhh@grupoandina.com,benigno
Su recibo de pago ya esta disponible,"Estimado cliente, adjuntamos la factura electronica correspondiente a su servicio contratado por un monto de COP 153. Puede consultar el detalle completo ingresando a su cuenta habitual en nuestro portal.",facturacion@industriasmeridiano.com,benigno
Induccion para nuevos colaboradores - el viernes por la tarde,"Hola a todos, nos da mucho gusto anunciar la incorporacion de Ana a nuestro equipo de seguridad informatica. La induccion sera el el 20 de este mes. Les pedimos darle una calida bienvenida.",comunicaciones@logisticahorizonte.com,benigno
Tu solicitud fue resuelta correctamente,"Estimado usuario, su ticket #8005 relacionado con gestion de proyectos fue actualizado por el area de soporte interno. Puede revisar la respuesta completa ingresando al sistema de mesa de ayuda con su usuario habitual.",mesadeayuda@consultoraprisma.com,benigno
Confirmacion de tu pedido #1049,"Hola Jorge, gracias por tu compra reciente. Tu pedido #3219 por COP 285 fue procesado correctamente y sera entregado en un plazo de 3 a 5 dias habiles. Puedes revisar el estado de tu envio desde tu cuenta.",pedidos@corporativosureste.com,benigno
Mantenimiento programado del sistema - miercoles proximo,"Estimado equipo, el respaldo semanal de informacion de los servidores internos se completo exitosamente sin incidencias. El proximo mantenimiento programado sera el martes. No se requiere ninguna accion de su parte.",infraestructura@consultoraprisma.com,benigno
Coordinacion de la reunion de bienestar laboral - la proxima semana,"Hola equipo, para la reunion del la proxima semana sobre onboarding necesitamos revisar los avances pendientes. Por favor confirmen su asistencia y traigan sus reportes actualizados. Nos vemos en la sala habitual.",paula.jimenez@tecnologiavertice.com,benigno
Excelente trabajo en la presentacion de ayer,"Hola Valentina, queria agradecerte por tu apoyo con el tema de atencion al cliente esta semana. Tus comentarios fueron muy utiles para el equipo. Cualquier cosa que necesites de mi parte, avisame.",valentina.cruz@logisticahorizonte.com,benigno
Actividades programadas para el la proxima semana,"Estimado equipo, este mes celebramos el aniversario de la empresa con actividades para todos los colaboradores, incluyendo una charla sobre gestion de proyectos el lunes. Pronto compartiremos el cronograma completo con mas detalles.",comunicaciones@consultoraprisma.com,benigno
Actualizacion de la politica de home office,"Estimado equipo, les informamos que a partir de este mes se actualizo la politica interna relacionada con gestion de proyectos. Pueden revisar el documento completo en la intranet corporativa. Cualquier duda, contactar al area de Recursos Humanos.",rrhh@distribuidoracentral.com,benigno
Agenda de la semana - equipo de gestion de proyectos,"Hola equipo, para la reunion del el viernes por la tarde sobre innovacion necesitamos revisar los avances pendientes. Por favor confirmen su asistencia y traigan sus reportes actualizados. Nos vemos en la sala habitual.",andres.paredes@tecnologiavertice.com,benigno
Respuesta a tu consulta sobre bienestar laboral,"Estimado usuario, su ticket #3063 relacionado con seguridad informatica fue actualizado por el area de soporte interno. Puede revisar la respuesta completa ingresando al sistema de mesa de ayuda con su usuario habitual.",mesadeayuda@consultoraprisma.com,benigno
Actividades programadas para el miercoles proximo,"Estimado equipo, este mes celebramos el aniversario de la empresa con actividades para todos los colaboradores, incluyendo una charla sobre bienestar laboral el lunes. Pronto compartiremos el cronograma completo con mas detalles.",comunicaciones@tecnologiavertice.com,benigno
Confirmacion de tu pedido #4052,"Hola Rodrigo, gracias por tu compra reciente. Tu pedido #4148 por EUR 397 fue procesado correctamente y sera entregado en un plazo de 3 a 5 dias habiles. Puedes revisar el estado de tu envio desde tu cuenta.",pedidos@grupoandina.com,benigno
Confirmacion de tu pedido #5250,"Hola Paula, gracias por tu compra reciente. Tu pedido #6318 por COP 156 fue procesado correctamente y sera entregado en un plazo de 3 a 5 dias habiles. Puedes revisar el estado de tu envio desde tu cuenta.",pedidos@serviciosaltiplano.com,benigno
Agenda de la semana - equipo de onboarding,"Hola equipo, para la reunion del la proxima semana sobre clima laboral necesitamos revisar los avances pendientes. Por favor confirmen su asistencia y traigan sus reportes actualizados. Nos vemos en la sala habitual.",isabel.gomez@consultoraprisma.com,benigno
"Bienvenida al equipo, Fernando","Hola a todos, nos da mucho gusto anunciar la incorporacion de Fernando a nuestro equipo de cierre de mes. La induccion sera el la proxima semana. Les pedimos darle una calida bienvenida.",comunicaciones@serviciosaltiplano.com,benigno
Te invitamos a la charla sobre onboarding,"Estimado equipo, este mes celebramos el aniversario de la empresa con actividades para todos los colaboradores, incluyendo una charla sobre atencion al cliente el el 20 de este mes. Pronto compartiremos el cronograma completo con mas detalles.",comunicaciones@tecnologiavertice.com,benigno
Seguimiento de pendientes del proyecto onboarding,"Hola equipo, para la reunion del el viernes por la tarde sobre sostenibilidad necesitamos revisar los avances pendientes. Por favor confirmen su asistencia y traigan sus reportes actualizados. Nos vemos en la sala habitual.",ana.fuentes@serviciosaltiplano.com,benigno
Tu solicitud fue resuelta correctamente,"Estimado usuario, su ticket #4409 relacionado con sostenibilidad fue actualizado por el area de soporte interno. Puede revisar la respuesta completa ingresando al sistema de mesa de ayuda con su usuario habitual.",mesadeayuda@grupoandina.com,benigno
Recordatorio: entrega de recibos de nomina,"Estimado equipo, les informamos que a partir de este mes se actualizo la politica interna relacionada con bienestar laboral. Pueden revisar el documento completo en la intranet corporativa. Cualquier duda, contactar al area de Recursos Humanos.",rrhh@industriasmeridiano.com,benigno
Respaldo semanal completado exitosamente,"Estimado equipo, el respaldo semanal de informacion de los servidores internos se completo exitosamente sin incidencias. El proximo mantenimiento programado sera el miercoles proximo. No se requiere ninguna accion de su parte.",infraestructura@grupoandina.com,benigno
"Bienvenida al equipo, Gabriela","Hola a todos, nos da mucho gusto anunciar la incorporacion de Gabriela a nuestro equipo de auditoria interna. La induccion sera el miercoles proximo. Les pedimos darle una calida bienvenida.",comunicaciones@logisticahorizonte.com,benigno
Gracias por tu compra en nuestra tienda,"Hola Gabriela, gracias por tu compra reciente. Tu pedido #3687 por EUR 550 fue procesado correctamente y sera entregado en un plazo de 3 a 5 dias habiles. Puedes revisar el estado de tu envio desde tu cuenta.",pedidos@serviciosaltiplano.com,benigno
Te invitamos a la charla sobre seguridad informatica,"Estimado equipo, este mes celebramos el aniversario de la empresa con actividades para todos los colaboradores, incluyendo una charla sobre bienestar laboral el la proxima semana. Pronto compartiremos el cronograma completo con mas detalles.",comunicaciones@tecnologiavertice.com,benigno
Encuesta de satisfaccion sobre auditoria interna,"Hola equipo, los invitamos a participar en la encuesta interna sobre trabajo en equipo. Sus respuestas son anonimas y nos ayudan a mejorar continuamente. La encuesta estara disponible hasta el la proxima semana.",comunicaciones@tecnologiavertice.com,benigno
Seguimiento de pendientes del proyecto bienestar laboral,"Hola equipo, para la reunion del la proxima semana sobre cierre de mes necesitamos revisar los avances pendientes. Por favor confirmen su asistencia y traigan sus reportes actualizados. Nos vemos en la sala habitual.",paula.jimenez@tecnologiavertice.com,benigno
Te invitamos a la charla sobre sostenibilidad,"Estimado equipo, este mes celebramos el aniversario de la empresa con actividades para todos los colaboradores, incluyendo una charla sobre auditoria interna el el 20 de este mes. Pronto compartiremos el cronograma completo con mas detalles.",comunicaciones@serviciosaltiplano.com,benigno
Gracias por tu ayuda con el informe,"Hola Miguel, queria agradecerte por tu apoyo con el tema de atencion al cliente esta semana. Tus comentarios fueron muy utiles para el equipo. Cualquier cosa que necesites de mi parte, avisame.",miguel.torres@distribuidoracentral.com,benigno
Gracias por tu compra en nuestra tienda,"Hola Jorge, gracias por tu compra reciente. Tu pedido #7613 por PEN 463 fue procesado correctamente y sera entregado en un plazo de 3 a 5 dias habiles. Puedes revisar el estado de tu envio desde tu cuenta.",pedidos@distribuidoracentral.com,benigno
Encuesta de satisfaccion sobre seguridad informatica,"Hola equipo, los invitamos a participar en la encuesta interna sobre onboarding. Sus respuestas son anonimas y nos ayudan a mejorar continuamente. La encuesta estara disponible hasta el el 20 de este mes.",comunicaciones@consultoraprisma.com,benigno
Su recibo de pago ya esta disponible,"Estimado cliente, adjuntamos la factura electronica correspondiente a su servicio contratado por un monto de EUR 56. Puede consultar el detalle completo ingresando a su cuenta habitual en nuestro portal.",facturacion@tecnologiavertice.com,benigno
Confirmacion de tu pedido #7160,"Hola Carmen, gracias por tu compra reciente. Tu pedido #9007 por PEN 199 fue procesado correctamente y sera entregado en un plazo de 3 a 5 dias habiles. Puedes revisar el estado de tu envio desde tu cuenta.",pedidos@tecnologiavertice.com,benigno
Encuesta de satisfaccion sobre onboarding,"Hola equipo, los invitamos a participar en la encuesta interna sobre capacitacion continua. Sus respuestas son anonimas y nos ayudan a mejorar continuamente. La encuesta estara disponible hasta el miercoles proximo.",comunicaciones@distribuidoracentral.com,benigno
Gracias por cubrir la reunion de gestion de proyectos,"Hola Valentina, queria agradecerte por tu apoyo con el tema de atencion al cliente esta semana. Tus comentarios fueron muy utiles para el equipo. Cualquier cosa que necesites de mi parte, avisame.",valentina.cruz@industriasmeridiano.com,benigno
Invitacion: celebracion de aniversario de la empresa,"Estimado equipo, este mes celebramos el aniversario de la empresa con actividades para todos los colaboradores, incluyendo una charla sobre seguridad informatica el lunes. Pronto compartiremos el cronograma completo con mas detalles.",comunicaciones@serviciosaltiplano.com,benigno
Excelente trabajo en la presentacion de ayer,"Hola Carlos, queria agradecerte por tu apoyo con el tema de sostenibilidad esta semana. Tus comentarios fueron muy utiles para el equipo. Cualquier cosa que necesites de mi parte, avisame.",carlos.mendoza@grupoandina.com,benigno
Nuevo beneficio de bienestar para colaboradores,"Estimado equipo, les informamos que a partir de este mes se actualizo la politica interna relacionada con capacitacion continua. Pueden revisar el documento completo en la intranet corporativa. Cualquier duda, contactar al area de Recursos Humanos.",rrhh@serviciosaltiplano.com,benigno
Actividades programadas para el el 20 de este mes,"Estimado equipo, este mes celebramos el aniversario de la empresa con actividades para todos los colaboradores, incluyendo una charla sobre innovacion el el viernes por la tarde. Pronto compartiremos el cronograma completo con mas detalles.",comunicaciones@distribuidoracentral.com,benigno
Coordinacion de la reunion de clima laboral - miercoles proximo,"Hola equipo, para la reunion del martes sobre atencion al cliente necesitamos revisar los avances pendientes. Por favor confirmen su asistencia y traigan sus reportes actualizados. Nos vemos en la sala habitual.",camila.reyes@grupoandina.com,benigno
Actividades programadas para el la proxima semana,"Estimado equipo, este mes celebramos el aniversario de la empresa con actividades para todos los colaboradores, incluyendo una charla sobre clima laboral el martes. Pronto compartiremos el cronograma completo con mas detalles.",comunicaciones@industriasmeridiano.com,benigno
Confirmacion de tu pedido #1706,"Hola Rodrigo, gracias por tu compra reciente. Tu pedido #3059 por PEN 129 fue procesado correctamente y sera entregado en un plazo de 3 a 5 dias habiles. Puedes revisar el estado de tu envio desde tu cuenta.",pedidos@serviciosaltiplano.com,benigno
Gracias por tu compra en nuestra tienda,"Hola Carmen, gracias por tu compra reciente. Tu pedido #8761 por MXN 354 fue procesado correctamente y sera entregado en un plazo de 3 a 5 dias habiles. Puedes revisar el estado de tu envio desde tu cuenta.",pedidos@corporativosureste.com,benigno
Gracias por tu compra en nuestra tienda,"Hola Andres, gracias por tu compra reciente. Tu pedido #6884 por ARS 166 fue procesado correctamente y sera entregado en un plazo de 3 a 5 dias habiles. Puedes revisar el estado de tu envio desde tu cuenta.",pedidos@logisticahorizonte.com,benigno
"Bienvenida al equipo, Maria","Hola a todos, nos da mucho gusto anunciar la incorporacion de Maria a nuestro equipo de atencion al cliente. La induccion sera el el 20 de este mes. Les pedimos darle una calida bienvenida.",comunicaciones@logisticahorizonte.com,benigno
Recordatorio: entrega de recibos de nomina,"Estimado equipo, les informamos que a partir de este mes se actualizo la politica interna relacionada con trabajo en equipo. Pueden revisar el documento completo en la intranet corporativa. Cualquier duda, contactar al area de Recursos Humanos.",rrhh@distribuidoracentral.com,benigno
Gracias por tu compra en nuestra tienda,"Hola Gabriela, gracias por tu compra reciente. Tu pedido #2545 por PEN 609 fue procesado correctamente y sera entregado en un plazo de 3 a 5 dias habiles. Puedes revisar el estado de tu envio desde tu cuenta.",pedidos@corporativosureste.com,benigno
Recordatorio de pago - servicio contratado,"Estimado cliente, adjuntamos la factura electronica correspondiente a su servicio contratado por un monto de MXN 342. Puede consultar el detalle completo ingresando a su cuenta habitual en nuestro portal.",facturacion@grupoandina.com,benigno
Excelente trabajo en la presentacion de ayer,"Hola Camila, queria agradecerte por tu apoyo con el tema de gestion de proyectos esta semana. Tus comentarios fueron muy utiles para el equipo. Cualquier cosa que necesites de mi parte, avisame.",camila.reyes@grupoandina.com,benigno
Excelente trabajo en la presentacion de ayer,"Hola Sofia, queria agradecerte por tu apoyo con el tema de cierre de mes esta semana. Tus comentarios fueron muy utiles para el equipo. Cualquier cosa que necesites de mi parte, avisame.",sofia.herrera@distribuidoracentral.com,benigno
Encuesta de satisfaccion sobre auditoria interna,"Hola equipo, los invitamos a participar en la encuesta interna sobre innovacion. Sus respuestas son anonimas y nos ayudan a mejorar continuamente. La encuesta estara disponible hasta el el viernes por la tarde.",comunicaciones@tecnologiavertice.com,benigno
Respuesta a tu consulta sobre clima laboral,"Estimado usuario, su ticket #3607 relacionado con trabajo en equipo fue actualizado por el area de soporte interno. Puede revisar la respuesta completa ingresando al sistema de mesa de ayuda con su usuario habitual.",mesadeayuda@consultoraprisma.com,benigno
Invitacion: celebracion de aniversario de la empresa,"Estimado equipo, este mes celebramos el aniversario de la empresa con actividades para todos los colaboradores, incluyendo una charla sobre capacitacion continua el la proxima semana. Pronto compartiremos el cronograma completo con mas detalles.",comunicaciones@industriasmeridiano.com,benigno
Tu compra fue despachada correctamente,"Hola Paula, gracias por tu compra reciente. Tu pedido #3090 por PEN 788 fue procesado correctamente y sera entregado en un plazo de 3 a 5 dias habiles. Puedes revisar el estado de tu envio desde tu cuenta.",pedidos@consultoraprisma.com,benigno
"Bienvenida al equipo, Diego","Hola a todos, nos da mucho gusto anunciar la incorporacion de Diego a nuestro equipo de seguridad informatica. La induccion sera el lunes. Les pedimos darle una calida bienvenida.",comunicaciones@industriasmeridiano.com,benigno
Factura electronica correspondiente al mes de la proxima semana,"Estimado cliente, adjuntamos la factura electronica correspondiente a su servicio contratado por un monto de CLP 205. Puede consultar el detalle completo ingresando a su cuenta habitual en nuestro portal.",facturacion@tecnologiavertice.com,benigno
Encuesta de satisfaccion sobre trabajo en equipo,"Hola equipo, los invitamos a participar en la encuesta interna sobre onboarding. Sus respuestas son anonimas y nos ayudan a mejorar continuamente. La encuesta estara disponible hasta el el viernes por la tarde.",comunicaciones@serviciosaltiplano.com,benigno
Tu opinion es importante - encuesta de clima laboral,"Hola equipo, los invitamos a participar en la encuesta interna sobre clima laboral. Sus respuestas son anonimas y nos ayudan a mejorar continuamente. La encuesta estara disponible hasta el miercoles proximo.",comunicaciones@distribuidoracentral.com,benigno
"Bienvenida al equipo, Ricardo","Hola a todos, nos da mucho gusto anunciar la incorporacion de Ricardo a nuestro equipo de onboarding. La induccion sera el el viernes por la tarde. Les pedimos darle una calida bienvenida.",comunicaciones@industriasmeridiano.com,benigno
Tu opinion es importante - encuesta de clima laboral,"Hola equipo, los invitamos a participar en la encuesta interna sobre auditoria interna. Sus respuestas son anonimas y nos ayudan a mejorar continuamente. La encuesta estara disponible hasta el martes.",comunicaciones@consultoraprisma.com,benigno
Actividades programadas para el la proxima semana,"Estimado equipo, este mes celebramos el aniversario de la empresa con actividades para todos los colaboradores, incluyendo una charla sobre gestion de proyectos el la proxima semana. Pronto compartiremos el cronograma completo con mas detalles.",comunicaciones@serviciosaltiplano.com,benigno
Tu opinion es importante - encuesta de clima laboral,"Hola equipo, los invitamos a participar en la encuesta interna sobre auditoria interna. Sus respuestas son anonimas y nos ayudan a mejorar continuamente. La encuesta estara disponible hasta el la proxima semana.",comunicaciones@serviciosaltiplano.com,benigno
Tu compra fue despachada correctamente,"Hola Ana, gracias por tu compra reciente. Tu pedido #5291 por PEN 690 fue procesado correctamente y sera entregado en un plazo de 3 a 5 dias habiles. Puedes revisar el estado de tu envio desde tu cuenta.",pedidos@grupoandina.com,benigno
Excelente trabajo en la presentacion de ayer,"Hola Luis, queria agradecerte por tu apoyo con el tema de clima laboral esta semana. Tus comentarios fueron muy utiles para el equipo. Cualquier cosa que necesites de mi parte, avisame.",luis.rojas@logisticahorizonte.com,benigno
Induccion para nuevos colaboradores - la proxima semana,"Hola a todos, nos da mucho gusto anunciar la incorporacion de Diego a nuestro equipo de bienestar laboral. La induccion sera el el 20 de este mes. Les pedimos darle una calida bienvenida.",comunicaciones@corporativosureste.com,benigno
Respaldo semanal completado exitosamente,"Estimado equipo, el respaldo semanal de informacion de los servidores internos se completo exitosamente sin incidencias. El proximo mantenimiento programado sera el la proxima semana. No se requiere ninguna accion de su parte.",infraestructura@grupoandina.com,benigno
Recordatorio de pago - servicio contratado,"Estimado cliente, adjuntamos la factura electronica correspondiente a su servicio contratado por un monto de COP 100. Puede consultar el detalle completo ingresando a su cuenta habitual en nuestro portal.",facturacion@consultoraprisma.com,benigno
Agenda de la semana - equipo de clima laboral,"Hola equipo, para la reunion del la proxima semana sobre auditoria interna necesitamos revisar los avances pendientes. Por favor confirmen su asistencia y traigan sus reportes actualizados. Nos vemos en la sala habitual.",valentina.cruz@corporativosureste.com,benigno
Te invitamos a la charla sobre capacitacion continua,"Estimado equipo, este mes celebramos el aniversario de la empresa con actividades para todos los colaboradores, incluyendo una charla sobre sostenibilidad el el viernes por la tarde. Pronto compartiremos el cronograma completo con mas detalles.",comunicaciones@tecnologiavertice.com,benigno
Agenda de la semana - equipo de seguridad informatica,"Hola equipo, para la reunion del lunes sobre onboarding necesitamos revisar los avances pendientes. Por favor confirmen su asistencia y traigan sus reportes actualizados. Nos vemos en la sala habitual.",luis.rojas@serviciosaltiplano.com,benigno
Te invitamos a la charla sobre capacitacion continua,"Estimado equipo, este mes celebramos el aniversario de la empresa con actividades para todos los colaboradores, incluyendo una charla sobre bienestar laboral el el 20 de este mes. Pronto compartiremos el cronograma completo con mas detalles.",comunicaciones@distribuidoracentral.com,benigno
Recordatorio de pago - servicio contratado,"Estimado cliente, adjuntamos la factura electronica correspondiente a su servicio contratado por un monto de CLP 567. Puede consultar el detalle completo ingresando a su cuenta habitual en nuestro portal.",facturacion@consultoraprisma.com,benigno
Seguimiento de pendientes del proyecto bienestar laboral,"Hola equipo, para la reunion del el 20 de este mes sobre onboarding necesitamos revisar los avances pendientes. Por favor confirmen su asistencia y traigan sus reportes actualizados. Nos vemos en la sala habitual.",jorge.castillo@logisticahorizonte.com,benigno
Gracias por cubrir la reunion de bienestar laboral,"Hola Carlos, queria agradecerte por tu apoyo con el tema de clima laboral esta semana. Tus comentarios fueron muy utiles para el equipo. Cualquier cosa que necesites de mi parte, avisame.",carlos.mendoza@corporativosureste.com,benigno
Tu opinion es importante - encuesta de clima laboral,"Hola equipo, los invitamos a participar en la encuesta interna sobre onboarding. Sus respuestas son anonimas y nos ayudan a mejorar continuamente. La encuesta estara disponible hasta el el viernes por la tarde.",comunicaciones@grupoandina.com,benigno
Excelente trabajo en la presentacion de ayer,"Hola Isabel, queria agradecerte por tu apoyo con el tema de onboarding esta semana. Tus comentarios fueron muy utiles para el equipo. Cualquier cosa que necesites de mi parte, avisame.",isabel.gomez@distribuidoracentral.com,benigno
Tu solicitud fue resuelta correctamente,"Estimado usuario, su ticket #9895 relacionado con bienestar laboral fue actualizado por el area de soporte interno. Puede revisar la respuesta completa ingresando al sistema de mesa de ayuda con su usuario habitual.",mesadeayuda@serviciosaltiplano.com,benigno
Mantenimiento programado del sistema - martes,"Estimado equipo, el respaldo semanal de informacion de los servidores internos se completo exitosamente sin incidencias. El proximo mantenimiento programado sera el el viernes por la tarde. No se requiere ninguna accion de su parte.",infraestructura@industriasmeridiano.com,benigno
"Bienvenida al equipo, Sebastian","Hola a todos, nos da mucho gusto anunciar la incorporacion de Sebastian a nuestro equipo de cierre de mes. La induccion sera el el 20 de este mes. Les pedimos darle una calida bienvenida.",comunicaciones@logisticahorizonte.com,benigno
"Bienvenida al equipo, Isabel","Hola a todos, nos da mucho gusto anunciar la incorporacion de Isabel a nuestro equipo de seguridad informatica. La induccion sera el el viernes por la tarde. Les pedimos darle una calida bienvenida.",comunicaciones@industriasmeridiano.com,benigno
Confirmacion de tu pedido #5126,"Hola Rodrigo, gracias por tu compra reciente. Tu pedido #4816 por MXN 419 fue procesado correctamente y sera entregado en un plazo de 3 a 5 dias habiles. Puedes revisar el estado de tu envio desde tu cuenta.",pedidos@logisticahorizonte.com,benigno
"Bienvenida al equipo, Ana","Hola a todos, nos da mucho gusto anunciar la incorporacion de Ana a nuestro equipo de trabajo en equipo. La induccion sera el el viernes por la tarde. Les pedimos darle una calida bienvenida.",comunicaciones@tecnologiavertice.com,benigno
Recordatorio de pago - servicio contratado,"Estimado cliente, adjuntamos la factura electronica correspondiente a su servicio contratado por un monto de PEN 544. Puede consultar el detalle completo ingresando a su cuenta habitual en nuestro portal.",facturacion@tecnologiavertice.com,benigno
Su recibo de pago ya esta disponible,"Estimado cliente, adjuntamos la factura electronica correspondiente a su servicio contratado por un monto de MXN 509. Puede consultar el detalle completo ingresando a su cuenta habitual en nuestro portal.",facturacion@serviciosaltiplano.com,benigno
Agenda de la semana - equipo de trabajo en equipo,"Hola equipo, para la reunion del el 20 de este mes sobre onboarding necesitamos revisar los avances pendientes. Por favor confirmen su asistencia y traigan sus reportes actualizados. Nos vemos en la sala habitual.",fernando.silva@distribuidoracentral.com,benigno
Ticket #6602 actualizado por el area de soporte,"Estimado usuario, su ticket #8608 relacionado con bienestar laboral fue actualizado por el area de soporte interno. Puede revisar la respuesta completa ingresando al sistema de mesa de ayuda con su usuario habitual.",mesadeayuda@serviciosaltiplano.com,benigno
Gracias por tu compra en nuestra tienda,"Hola Paula, gracias por tu compra reciente. Tu pedido #9094 por PEN 192 fue procesado correctamente y sera entregado en un plazo de 3 a 5 dias habiles. Puedes revisar el estado de tu envio desde tu cuenta.",pedidos@consultoraprisma.com,benigno
Induccion para nuevos colaboradores - lunes,"Hola a todos, nos da mucho gusto anunciar la incorporacion de Ana a nuestro equipo de auditoria interna. La induccion sera el miercoles proximo. Les pedimos darle una calida bienvenida.",comunicaciones@logisticahorizonte.com,benigno
Invitacion: celebracion de aniversario de la empresa,"Estimado equipo, este mes celebramos el aniversario de la empresa con actividades para todos los colaboradores, incluyendo una charla sobre bienestar laboral el el 20 de este mes. Pronto compartiremos el cronograma completo con mas detalles.",comunicaciones@industriasmeridiano.com,benigno
Actividades programadas para el la proxima semana,"Estimado equipo, este mes celebramos el aniversario de la empresa con actividades para todos los colaboradores, incluyendo una charla sobre cierre de mes el el 20 de este mes. Pronto compartiremos el cronograma completo con mas detalles.",comunicaciones@logisticahorizonte.com,benigno
Agenda de la semana - equipo de capacitacion continua,"Hola equipo, para la reunion del el viernes por la tarde sobre sostenibilidad necesitamos revisar los avances pendientes. Por favor confirmen su asistencia y traigan sus reportes actualizados. Nos vemos en la sala habitual.",jorge.castillo@logisticahorizonte.com,benigno
Gracias por tu compra en nuestra tienda,"Hola Carlos, gracias por tu compra reciente. Tu pedido #3873 por COP 797 fue procesado correctamente y sera entregado en un plazo de 3 a 5 dias habiles. Puedes revisar el estado de tu envio desde tu cuenta.",pedidos@distribuidoracentral.com,benigno
Invitacion: celebracion de aniversario de la empresa,"Estimado equipo, este mes celebramos el aniversario de la empresa con actividades para todos los colaboradores, incluyendo una charla sobre bienestar laboral el martes. Pronto compartiremos el cronograma completo con mas detalles.",comunicaciones@grupoandina.com,benigno
Te invitamos a la charla sobre sostenibilidad,"Estimado equipo, este mes celebramos el aniversario de la empresa con actividades para todos los colaboradores, incluyendo una charla sobre trabajo en equipo el la proxima semana. Pronto compartiremos el cronograma completo con mas detalles.",comunicaciones@distribuidoracentral.com,benigno
Gracias por cubrir la reunion de clima laboral,"Hola Ana, queria agradecerte por tu apoyo con el tema de trabajo en equipo esta semana. Tus comentarios fueron muy utiles para el equipo. Cualquier cosa que necesites de mi parte, avisame.",ana.fuentes@industriasmeridiano.com,benigno
Induccion para nuevos colaboradores - el viernes por la tarde,"Hola a todos, nos da mucho gusto anunciar la incorporacion de Paula a nuestro equipo de bienestar laboral. La induccion sera el miercoles proximo. Les pedimos darle una calida bienvenida.",comunicaciones@industriasmeridiano.com,benigno
Tu solicitud fue resuelta correctamente,"Estimado usuario, su ticket #6876 relacionado con sostenibilidad fue actualizado por el area de soporte interno. Puede revisar la respuesta completa ingresando al sistema de mesa de ayuda con su usuario habitual.",mesadeayuda@corporativosureste.com,benigno
Su recibo de pago ya esta disponible,"Estimado cliente, adjuntamos la factura electronica correspondiente a su servicio contratado por un monto de ARS 639. Puede consultar el detalle completo ingresando a su cuenta habitual en nuestro portal.",facturacion@consultoraprisma.com,benigno
Gracias por tu ayuda con el informe,"Hola Paula, queria agradecerte por tu apoyo con el tema de sostenibilidad esta semana. Tus comentarios fueron muy utiles para el equipo. Cualquier cosa que necesites de mi parte, avisame.",paula.jimenez@consultoraprisma.com,benigno
Te invitamos a la charla sobre sostenibilidad,"Estimado equipo, este mes celebramos el aniversario de la empresa con actividades para todos los colaboradores, incluyendo una charla sobre trabajo en equipo el martes. Pronto compartiremos el cronograma completo con mas detalles.",comunicaciones@consultoraprisma.com,benigno
Seguimiento de pendientes del proyecto bienestar laboral,"Hola equipo, para la reunion del martes sobre bienestar laboral necesitamos revisar los avances pendientes. Por favor confirmen su asistencia y traigan sus reportes actualizados. Nos vemos en la sala habitual.",gabriela.ortiz@logisticahorizonte.com,benigno
Encuesta de satisfaccion sobre bienestar laboral,"Hola equipo, los invitamos a participar en la encuesta interna sobre atencion al cliente. Sus respuestas son anonimas y nos ayudan a mejorar continuamente. La encuesta estara disponible hasta el la proxima semana.",comunicaciones@industriasmeridiano.com,benigno
Tu opinion es importante - encuesta de clima laboral,"Hola equipo, los invitamos a participar en la encuesta interna sobre seguridad informatica. Sus respuestas son anonimas y nos ayudan a mejorar continuamente. La encuesta estara disponible hasta el el 20 de este mes.",comunicaciones@consultoraprisma.com,benigno
Tu opinion es importante - encuesta de clima laboral,"Hola equipo, los invitamos a participar en la encuesta interna sobre gestion de proyectos. Sus respuestas son anonimas y nos ayudan a mejorar continuamente. La encuesta estara disponible hasta el lunes.",comunicaciones@grupoandina.com,benigno
"Bienvenida al equipo, Diego","Hola a todos, nos da mucho gusto anunciar la incorporacion de Diego a nuestro equipo de auditoria interna. La induccion sera el el 20 de este mes. Les pedimos darle una calida bienvenida.",comunicaciones@distribuidoracentral.com,benigno
"Bienvenida al equipo, Gabriela","Hola a todos, nos da mucho gusto anunciar la incorporacion de Gabriela a nuestro equipo de clima laboral. La induccion sera el el 20 de este mes. Les pedimos darle una calida bienvenida.",comunicaciones@distribuidoracentral.com,benigno
Invitacion: celebracion de aniversario de la empresa,"Estimado equipo, este mes celebramos el aniversario de la empresa con actividades para todos los colaboradores, incluyendo una charla sobre innovacion el la proxima semana. Pronto compartiremos el cronograma completo con mas detalles.",comunicaciones@grupoandina.com,benigno
Coordinacion de la reunion de trabajo en equipo - el 20 de este mes,"Hola equipo, para la reunion del el viernes por la tarde sobre seguridad informatica necesitamos revisar los avances pendientes. Por favor confirmen su asistencia y traigan sus reportes actualizados. Nos vemos en la sala habitual.",isabel.gomez@consultoraprisma.com,benigno
Tu solicitud fue resuelta correctamente,"Estimado usuario, su ticket #7964 relacionado con seguridad informatica fue actualizado por el area de soporte interno. Puede revisar la respuesta completa ingresando al sistema de mesa de ayuda con su usuario habitual.",mesadeayuda@serviciosaltiplano.com,benigno
Tu opinion es importante - encuesta de clima laboral,"Hola equipo, los invitamos a participar en la encuesta interna sobre capacitacion continua. Sus respuestas son anonimas y nos ayudan a mejorar continuamente. La encuesta estara disponible hasta el el 20 de este mes.",comunicaciones@corporativosureste.com,benigno
Nuevo beneficio de bienestar para colaboradores,"Estimado equipo, les informamos que a partir de este mes se actualizo la politica interna relacionada con gestion de proyectos. Pueden revisar el documento completo en la intranet corporativa. Cualquier duda, contactar al area de Recursos Humanos.",rrhh@grupoandina.com,benigno
Confirmacion de tu pedido #3533,"Hola Carmen, gracias por tu compra reciente. Tu pedido #9029 por COP 633 fue procesado correctamente y sera entregado en un plazo de 3 a 5 dias habiles. Puedes revisar el estado de tu envio desde tu cuenta.",pedidos@industriasmeridiano.com,benigno
Tu opinion es importante - encuesta de clima laboral,"Hola equipo, los invitamos a participar en la encuesta interna sobre trabajo en equipo. Sus respuestas son anonimas y nos ayudan a mejorar continuamente. La encuesta estara disponible hasta el el viernes por la tarde.",comunicaciones@distribuidoracentral.com,benigno
Recordatorio: entrega de recibos de nomina,"Estimado equipo, les informamos que a partir de este mes se actualizo la politica interna relacionada con gestion de proyectos. Pueden revisar el documento completo en la intranet corporativa. Cualquier duda, contactar al area de Recursos Humanos.",rrhh@industriasmeridiano.com,benigno
Invitacion: celebracion de aniversario de la empresa,"Estimado equipo, este mes celebramos el aniversario de la empresa con actividades para todos los colaboradores, incluyendo una charla sobre cierre de mes el lunes. Pronto compartiremos el cronograma completo con mas detalles.",comunicaciones@industriasmeridiano.com,benigno
Induccion para nuevos colaboradores - miercoles proximo,"Hola a todos, nos da mucho gusto anunciar la incorporacion de Luis a nuestro equipo de capacitacion continua. La induccion sera el la proxima semana. Les pedimos darle una calida bienvenida.",comunicaciones@grupoandina.com,benigno
Encuesta de satisfaccion sobre onboarding,"Hola equipo, los invitamos a participar en la encuesta interna sobre sostenibilidad. Sus respuestas son anonimas y nos ayudan a mejorar continuamente. La encuesta estara disponible hasta el miercoles proximo.",comunicaciones@logisticahorizonte.com,benigno
Induccion para nuevos colaboradores - el viernes por la tarde,"Hola a todos, nos da mucho gusto anunciar la incorporacion de Camila a nuestro equipo de cierre de mes. La induccion sera el martes. Les pedimos darle una calida bienvenida.",comunicaciones@tecnologiavertice.com,benigno
Seguimiento de pendientes del proyecto seguridad informatica,"Hola equipo, para la reunion del el 20 de este mes sobre innovacion necesitamos revisar los avances pendientes. Por favor confirmen su asistencia y traigan sus reportes actualizados. Nos vemos en la sala habitual.",miguel.torres@industriasmeridiano.com,benigno
Su recibo de pago ya esta disponible,"Estimado cliente, adjuntamos la factura electronica correspondiente a su servicio contratado por un monto de COP 529. Puede consultar el detalle completo ingresando a su cuenta habitual en nuestro portal.",facturacion@distribuidoracentral.com,benigno
Su recibo de pago ya esta disponible,"Estimado cliente, adjuntamos la factura electronica correspondiente a su servicio contratado por un monto de ARS 206. Puede consultar el detalle completo ingresando a su cuenta habitual en nuestro portal.",facturacion@consultoraprisma.com,benigno
Encuesta de satisfaccion sobre cierre de mes,"Hola equipo, los invitamos a participar en la encuesta interna sobre auditoria interna. Sus respuestas son anonimas y nos ayudan a mejorar continuamente. La encuesta estara disponible hasta el miercoles proximo.",comunicaciones@tecnologiavertice.com,benigno
Tu compra fue despachada correctamente,"Hola Daniela, gracias por tu compra reciente. Tu pedido #5052 por COP 242 fue procesado correctamente y sera entregado en un plazo de 3 a 5 dias habiles. Puedes revisar el estado de tu envio desde tu cuenta.",pedidos@industriasmeridiano.com,benigno
Excelente trabajo en la presentacion de ayer,"Hola Diego, queria agradecerte por tu apoyo con el tema de trabajo en equipo esta semana. Tus comentarios fueron muy utiles para el equipo. Cualquier cosa que necesites de mi parte, avisame.",diego.morales@consultoraprisma.com,benigno
Ticket #7263 actualizado por el area de soporte,"Estimado usuario, su ticket #6482 relacionado con innovacion fue actualizado por el area de soporte interno. Puede revisar la respuesta completa ingresando al sistema de mesa de ayuda con su usuario habitual.",mesadeayuda@consultoraprisma.com,benigno
Respaldo semanal completado exitosamente,"Estimado equipo, el respaldo semanal de informacion de los servidores internos se completo exitosamente sin incidencias. El proximo mantenimiento programado sera el el 20 de este mes. No se requiere ninguna accion de su parte.",infraestructura@industriasmeridiano.com,benigno
Respaldo semanal completado exitosamente,"Estimado equipo, el respaldo semanal de informacion de los servidores internos se completo exitosamente sin incidencias. El proximo mantenimiento programado sera el lunes. No se requiere ninguna accion de su parte.",infraestructura@industriasmeridiano.com,benigno
Ticket #4470 actualizado por el area de soporte,"Estimado usuario, su ticket #7937 relacionado con clima laboral fue actualizado por el area de soporte interno. Puede revisar la respuesta completa ingresando al sistema de mesa de ayuda con su usuario habitual.",mesadeayuda@consultoraprisma.com,benigno
Tu opinion es importante - encuesta de clima laboral,"Hola equipo, los invitamos a participar en la encuesta interna sobre gestion de proyectos. Sus respuestas son anonimas y nos ayudan a mejorar continuamente. La encuesta estara disponible hasta el la proxima semana.",comunicaciones@distribuidoracentral.com,benigno
Agenda de la semana - equipo de atencion al cliente,"Hola equipo, para la reunion del martes sobre auditoria interna necesitamos revisar los avances pendientes. Por favor confirmen su asistencia y traigan sus reportes actualizados. Nos vemos en la sala habitual.",daniela.flores@consultoraprisma.com,benigno
Te invitamos a la charla sobre onboarding,"Estimado equipo, este mes celebramos el aniversario de la empresa con actividades para todos los colaboradores, incluyendo una charla sobre sostenibilidad el la proxima semana. Pronto compartiremos el cronograma completo con mas detalles.",comunicaciones@tecnologiavertice.com,benigno
Nuevo beneficio de bienestar para colaboradores,"Estimado equipo, les informamos que a partir de este mes se actualizo la politica interna relacionada con seguridad informatica. Pueden revisar el documento completo en la intranet corporativa. Cualquier duda, contactar al area de Recursos Humanos.",rrhh@tecnologiavertice.com,benigno
Gracias por tu compra en nuestra tienda,"Hola Isabel, gracias por tu compra reciente. Tu pedido #3334 por MXN 155 fue procesado correctamente y sera entregado en un plazo de 3 a 5 dias habiles. Puedes revisar el estado de tu envio desde tu cuenta.",pedidos@tecnologiavertice.com,benigno
Confirmacion de tu pedido #9925,"Hola Carlos, gracias por tu compra reciente. Tu pedido #2287 por EUR 571 fue procesado correctamente y sera entregado en un plazo de 3 a 5 dias habiles. Puedes revisar el estado de tu envio desde tu cuenta.",pedidos@distribuidoracentral.com,benigno
Seguimiento de pendientes del proyecto bienestar laboral,"Hola equipo, para la reunion del el viernes por la tarde sobre gestion de proyectos necesitamos revisar los avances pendientes. Por favor confirmen su asistencia y traigan sus reportes actualizados. Nos vemos en la sala habitual.",miguel.torres@logisticahorizonte.com,benigno
Induccion para nuevos colaboradores - el viernes por la tarde,"Hola a todos, nos da mucho gusto anunciar la incorporacion de Isabel a nuestro equipo de gestion de proyectos. La induccion sera el el viernes por la tarde. Les pedimos darle una calida bienvenida.",comunicaciones@industriasmeridiano.com,benigno
Confirmacion de tu pedido #6645,"Hola Daniela, gracias por tu compra reciente. Tu pedido #4085 por EUR 437 fue procesado correctamente y sera entregado en un plazo de 3 a 5 dias habiles. Puedes revisar el estado de tu envio desde tu cuenta.",pedidos@grupoandina.com,benigno
Tu compra fue despachada correctamente,"Hola Maria, gracias por tu compra reciente. Tu pedido #1841 por CLP 269 fue procesado correctamente y sera entregado en un plazo de 3 a 5 dias habiles. Puedes revisar el estado de tu envio desde tu cuenta.",pedidos@consultoraprisma.com,benigno
Induccion para nuevos colaboradores - lunes,"Hola a todos, nos da mucho gusto anunciar la incorporacion de Fernando a nuestro equipo de innovacion. La induccion sera el el 20 de este mes. Les pedimos darle una calida bienvenida.",comunicaciones@corporativosureste.com,benigno
Su recibo de pago ya esta disponible,"Estimado cliente, adjuntamos la factura electronica correspondiente a su servicio contratado por un monto de PEN 646. Puede consultar el detalle completo ingresando a su cuenta habitual en nuestro portal.",facturacion@grupoandina.com,benigno
Ticket #3386 actualizado por el area de soporte,"Estimado usuario, su ticket #8007 relacionado con seguridad informatica fue actualizado por el area de soporte interno. Puede revisar la respuesta completa ingresando al sistema de mesa de ayuda con su usuario habitual.",mesadeayuda@distribuidoracentral.com,benigno
Coordinacion de la reunion de gestion de proyectos - martes,"Hola equipo, para la reunion del martes sobre gestion de proyectos necesitamos revisar los avances pendientes. Por favor confirmen su asistencia y traigan sus reportes actualizados. Nos vemos en la sala habitual.",jorge.castillo@logisticahorizonte.com,benigno
Respuesta a tu consulta sobre onboarding,"Estimado usuario, su ticket #3580 relacionado con auditoria interna fue actualizado por el area de soporte interno. Puede revisar la respuesta completa ingresando al sistema de mesa de ayuda con su usuario habitual.",mesadeayuda@distribuidoracentral.com,benigno
Excelente trabajo en la presentacion de ayer,"Hola Gabriela, queria agradecerte por tu apoyo con el tema de onboarding esta semana. Tus comentarios fueron muy utiles para el equipo. Cualquier cosa que necesites de mi parte, avisame.",gabriela.ortiz@consultoraprisma.com,benigno
Convocatoria a capacitacion de onboarding,"Estimado equipo, les informamos que a partir de este mes se actualizo la politica interna relacionada con cierre de mes. Pueden revisar el documento completo en la intranet corporativa. Cualquier duda, contactar al area de Recursos Humanos.",rrhh@logisticahorizonte.com,benigno
Reporte automatico de indicadores generado,"Estimado equipo, el respaldo semanal de informacion de los servidores internos se completo exitosamente sin incidencias. El proximo mantenimiento programado sera el lunes. No se requiere ninguna accion de su parte.",infraestructura@tecnologiavertice.com,benigno
Encuesta de satisfaccion sobre cierre de mes,"Hola equipo, los invitamos a participar en la encuesta interna sobre bienestar laboral. Sus respuestas son anonimas y nos ayudan a mejorar continuamente. La encuesta estara disponible hasta el la proxima semana.",comunicaciones@grupoandina.com,benigno
Ticket #7016 actualizado por el area de soporte,"Estimado usuario, su ticket #2769 relacionado con cierre de mes fue actualizado por el area de soporte interno. Puede revisar la respuesta completa ingresando al sistema de mesa de ayuda con su usuario habitual.",mesadeayuda@logisticahorizonte.com,benigno
Reporte automatico de indicadores generado,"Estimado equipo, el respaldo semanal de informacion de los servidores internos se completo exitosamente sin incidencias. El proximo mantenimiento programado sera el la proxima semana. No se requiere ninguna accion de su parte.",infraestructura@tecnologiavertice.com,benigno
Respuesta a tu consulta sobre auditoria interna,"Estimado usuario, su ticket #5647 relacionado con gestion de proyectos fue actualizado por el area de soporte interno. Puede revisar la respuesta completa ingresando al sistema de mesa de ayuda con su usuario habitual.",mesadeayuda@tecnologiavertice.com,benigno
Gracias por tu compra en nuestra tienda,"Hola Andres, gracias por tu compra reciente. Tu pedido #6568 por MXN 639 fue procesado correctamente y sera entregado en un plazo de 3 a 5 dias habiles. Puedes revisar el estado de tu envio desde tu cuenta.",pedidos@consultoraprisma.com,benigno
Encuesta de satisfaccion sobre innovacion,"Hola equipo, los invitamos a participar en la encuesta interna sobre trabajo en equipo. Sus respuestas son anonimas y nos ayudan a mejorar continuamente. La encuesta estara disponible hasta el el 20 de este mes.",comunicaciones@consultoraprisma.com,benigno
Respuesta a tu consulta sobre clima laboral,"Estimado usuario, su ticket #8885 relacionado con bienestar laboral fue actualizado por el area de soporte interno. Puede revisar la respuesta completa ingresando al sistema de mesa de ayuda con su usuario habitual.",mesadeayuda@corporativosureste.com,benigno
Seguimiento de pendientes del proyecto auditoria interna,"Hola equipo, para la reunion del lunes sobre onboarding necesitamos revisar los avances pendientes. Por favor confirmen su asistencia y traigan sus reportes actualizados. Nos vemos en la sala habitual.",carlos.mendoza@tecnologiavertice.com,benigno
"Bienvenida al equipo, Isabel","Hola a todos, nos da mucho gusto anunciar la incorporacion de Isabel a nuestro equipo de trabajo en equipo. La induccion sera el la proxima semana. Les pedimos darle una calida bienvenida.",comunicaciones@industriasmeridiano.com,benigno
"Bienvenida al equipo, Daniela","Hola a todos, nos da mucho gusto anunciar la incorporacion de Daniela a nuestro equipo de trabajo en equipo. La induccion sera el martes. Les pedimos darle una calida bienvenida.",comunicaciones@corporativosureste.com,benigno
Factura electronica correspondiente al mes de martes,"Estimado cliente, adjuntamos la factura electronica correspondiente a su servicio contratado por un monto de CLP 69. Puede consultar el detalle completo ingresando a su cuenta habitual en nuestro portal.",facturacion@consultoraprisma.com,benigno
Tu compra fue despachada correctamente,"Hola Luis, gracias por tu compra reciente. Tu pedido #4459 por PEN 45 fue procesado correctamente y sera entregado en un plazo de 3 a 5 dias habiles. Puedes revisar el estado de tu envio desde tu cuenta.",pedidos@industriasmeridiano.com,benigno
Gracias por tu ayuda con el informe,"Hola Maria, queria agradecerte por tu apoyo con el tema de trabajo en equipo esta semana. Tus comentarios fueron muy utiles para el equipo. Cualquier cosa que necesites de mi parte, avisame.",maria.fernandez@serviciosaltiplano.com,benigno
"Bienvenida al equipo, Valentina","Hola a todos, nos da mucho gusto anunciar la incorporacion de Valentina a nuestro equipo de atencion al cliente. La induccion sera el el viernes por la tarde. Les pedimos darle una calida bienvenida.",comunicaciones@distribuidoracentral.com,benigno
Tu opinion es importante - encuesta de clima laboral,"Hola equipo, los invitamos a participar en la encuesta interna sobre atencion al cliente. Sus respuestas son anonimas y nos ayudan a mejorar continuamente. La encuesta estara disponible hasta el la proxima semana.",comunicaciones@distribuidoracentral.com,benigno
Gracias por tu compra en nuestra tienda,"Hola Isabel, gracias por tu compra reciente. Tu pedido #8690 por MXN 142 fue procesado correctamente y sera entregado en un plazo de 3 a 5 dias habiles. Puedes revisar el estado de tu envio desde tu cuenta.",pedidos@industriasmeridiano.com,benigno
Actividades programadas para el el viernes por la tarde,"Estimado equipo, este mes celebramos el aniversario de la empresa con actividades para todos los colaboradores, incluyendo una charla sobre auditoria interna el lunes. Pronto compartiremos el cronograma completo con mas detalles.",comunicaciones@distribuidoracentral.com,benigno
Gracias por tu ayuda con el informe,"Hola Ricardo, queria agradecerte por tu apoyo con el tema de cierre de mes esta semana. Tus comentarios fueron muy utiles para el equipo. Cualquier cosa que necesites de mi parte, avisame.",ricardo.vargas@logisticahorizonte.com,benigno
Encuesta de satisfaccion sobre bienestar laboral,"Hola equipo, los invitamos a participar en la encuesta interna sobre auditoria interna. Sus respuestas son anonimas y nos ayudan a mejorar continuamente. La encuesta estara disponible hasta el miercoles proximo.",comunicaciones@consultoraprisma.com,benigno
Ticket #2010 actualizado por el area de soporte,"Estimado usuario, su ticket #2357 relacionado con capacitacion continua fue actualizado por el area de soporte interno. Puede revisar la respuesta completa ingresando al sistema de mesa de ayuda con su usuario habitual.",mesadeayuda@tecnologiavertice.com,benigno
Ticket #5819 actualizado por el area de soporte,"Estimado usuario, su ticket #2371 relacionado con cierre de mes fue actualizado por el area de soporte interno. Puede revisar la respuesta completa ingresando al sistema de mesa de ayuda con su usuario habitual.",mesadeayuda@distribuidoracentral.com,benigno
Gracias por cubrir la reunion de sostenibilidad,"Hola Gabriela, queria agradecerte por tu apoyo con el tema de onboarding esta semana. Tus comentarios fueron muy utiles para el equipo. Cualquier cosa que necesites de mi parte, avisame.",gabriela.ortiz@serviciosaltiplano.com,benigno
Induccion para nuevos colaboradores - el 20 de este mes,"Hola a todos, nos da mucho gusto anunciar la incorporacion de Isabel a nuestro equipo de cierre de mes. La induccion sera el miercoles proximo. Les pedimos darle una calida bienvenida.",comunicaciones@serviciosaltiplano.com,benigno
Gracias por tu compra en nuestra tienda,"Hola Isabel, gracias por tu compra reciente. Tu pedido #4358 por MXN 622 fue procesado correctamente y sera entregado en un plazo de 3 a 5 dias habiles. Puedes revisar el estado de tu envio desde tu cuenta.",pedidos@consultoraprisma.com,benigno
Actividades programadas para el miercoles proximo,"Estimado equipo, este mes celebramos el aniversario de la empresa con actividades para todos los colaboradores, incluyendo una charla sobre bienestar laboral el la proxima semana. Pronto compartiremos el cronograma completo con mas detalles.",comunicaciones@tecnologiavertice.com,benigno
Invitacion: celebracion de aniversario de la empresa,"Estimado equipo, este mes celebramos el aniversario de la empresa con actividades para todos los colaboradores, incluyendo una charla sobre onboarding el martes. Pronto compartiremos el cronograma completo con mas detalles.",comunicaciones@corporativosureste.com,benigno
Seguimiento de pendientes del proyecto cierre de mes,"Hola equipo, para la reunion del lunes sobre auditoria interna necesitamos revisar los avances pendientes. Por favor confirmen su asistencia y traigan sus reportes actualizados. Nos vemos en la sala habitual.",paula.jimenez@serviciosaltiplano.com,benigno
Induccion para nuevos colaboradores - martes,"Hola a todos, nos da mucho gusto anunciar la incorporacion de Ana a nuestro equipo de bienestar laboral. La induccion sera el miercoles proximo. Les pedimos darle una calida bienvenida.",comunicaciones@grupoandina.com,benigno
Su recibo de pago ya esta disponible,"Estimado cliente, adjuntamos la factura electronica correspondiente a su servicio contratado por un monto de CLP 338. Puede consultar el detalle completo ingresando a su cuenta habitual en nuestro portal.",facturacion@consultoraprisma.com,benigno
Mantenimiento programado del sistema - el viernes por la tarde,"Estimado equipo, el respaldo semanal de informacion de los servidores internos se completo exitosamente sin incidencias. El proximo mantenimiento programado sera el lunes. No se requiere ninguna accion de su parte.",infraestructura@grupoandina.com,benigno
Gracias por tu compra en nuestra tienda,"Hola Daniela, gracias por tu compra reciente. Tu pedido #6994 por COP 92 fue procesado correctamente y sera entregado en un plazo de 3 a 5 dias habiles. Puedes revisar el estado de tu envio desde tu cuenta.",pedidos@grupoandina.com,benigno
Mantenimiento programado del sistema - lunes,"Estimado equipo, el respaldo semanal de informacion de los servidores internos se completo exitosamente sin incidencias. El proximo mantenimiento programado sera el miercoles proximo. No se requiere ninguna accion de su parte.",infraestructura@distribuidoracentral.com,benigno
Induccion para nuevos colaboradores - la proxima semana,"Hola a todos, nos da mucho gusto anunciar la incorporacion de Fernando a nuestro equipo de atencion al cliente. La induccion sera el miercoles proximo. Les pedimos darle una calida bienvenida.",comunicaciones@serviciosaltiplano.com,benigno
Ticket #1795 actualizado por el area de soporte,"Estimado usuario, su ticket #6045 relacionado con innovacion fue actualizado por el area de soporte interno. Puede revisar la respuesta completa ingresando al sistema de mesa de ayuda con su usuario habitual.",mesadeayuda@tecnologiavertice.com,benigno
Coordinacion de la reunion de trabajo en equipo - el viernes por la tarde,"Hola equipo, para la reunion del lunes sobre bienestar laboral necesitamos revisar los avances pendientes. Por favor confirmen su asistencia y traigan sus reportes actualizados. Nos vemos en la sala habitual.",rodrigo.salas@tecnologiavertice.com,benigno
Encuesta de satisfaccion sobre cierre de mes,"Hola equipo, los invitamos a participar en la encuesta interna sobre sostenibilidad. Sus respuestas son anonimas y nos ayudan a mejorar continuamente. La encuesta estara disponible hasta el martes.",comunicaciones@industriasmeridiano.com,benigno
Ticket #2782 actualizado por el area de soporte,"Estimado usuario, su ticket #1724 relacionado con onboarding fue actualizado por el area de soporte interno. Puede revisar la respuesta completa ingresando al sistema de mesa de ayuda con su usuario habitual.",mesadeayuda@corporativosureste.com,benigno
Gracias por cubrir la reunion de trabajo en equipo,"Hola Diego, queria agradecerte por tu apoyo con el tema de capacitacion continua esta semana. Tus comentarios fueron muy utiles para el equipo. Cualquier cosa que necesites de mi parte, avisame.",diego.morales@corporativosureste.com,benigno
Factura electronica correspondiente al mes de el 20 de este mes,"Estimado cliente, adjuntamos la factura electronica correspondiente a su servicio contratado por un monto de COP 641. Puede consultar el detalle completo ingresando a su cuenta habitual en nuestro portal.",facturacion@industriasmeridiano.com,benigno
Te invitamos a la charla sobre innovacion,"Estimado equipo, este mes celebramos el aniversario de la empresa con actividades para todos los colaboradores, incluyendo una charla sobre sostenibilidad el lunes. Pronto compartiremos el cronograma completo con mas detalles.",comunicaciones@industriasmeridiano.com,benigno
Actividades programadas para el lunes,"Estimado equipo, este mes celebramos el aniversario de la empresa con actividades para todos los colaboradores, incluyendo una charla sobre atencion al cliente el martes. Pronto compartiremos el cronograma completo con mas detalles.",comunicaciones@distribuidoracentral.com,benigno
Recordatorio: entrega de recibos de nomina,"Estimado equipo, les informamos que a partir de este mes se actualizo la politica interna relacionada con onboarding. Pueden revisar el documento completo en la intranet corporativa. Cualquier duda, contactar al area de Recursos Humanos.",rrhh@serviciosaltiplano.com,benigno
Recordatorio de pago - servicio contratado,"Estimado cliente, adjuntamos la factura electronica correspondiente a su servicio contratado por un monto de ARS 764. Puede consultar el detalle completo ingresando a su cuenta habitual en nuestro portal.",facturacion@industriasmeridiano.com,benigno
Reporte automatico de indicadores generado,"Estimado equipo, el respaldo semanal de informacion de los servidores internos se completo exitosamente sin incidencias. El proximo mantenimiento programado sera el el viernes por la tarde. No se requiere ninguna accion de su parte.",infraestructura@tecnologiavertice.com,benigno
Coordinacion de la reunion de innovacion - la proxima semana,"Hola equipo, para la reunion del la proxima semana sobre capacitacion continua necesitamos revisar los avances pendientes. Por favor confirmen su asistencia y traigan sus reportes actualizados. Nos vemos en la sala habitual.",ricardo.vargas@distribuidoracentral.com,benigno
Tu compra fue despachada correctamente,"Hola Paula, gracias por tu compra reciente. Tu pedido #1637 por COP 736 fue procesado correctamente y sera entregado en un plazo de 3 a 5 dias habiles. Puedes revisar el estado de tu envio desde tu cuenta.",pedidos@corporativosureste.com,benigno
Agenda de la semana - equipo de bienestar laboral,"Hola equipo, para la reunion del la proxima semana sobre seguridad informatica necesitamos revisar los avances pendientes. Por favor confirmen su asistencia y traigan sus reportes actualizados. Nos vemos en la sala habitual.",miguel.torres@distribuidoracentral.com,benigno
Ticket #5499 actualizado por el area de soporte,"Estimado usuario, su ticket #8673 relacionado con clima laboral fue actualizado por el area de soporte interno. Puede revisar la respuesta completa ingresando al sistema de mesa de ayuda con su usuario habitual.",mesadeayuda@tecnologiavertice.com,benigno
Factura electronica correspondiente al mes de martes,"Estimado cliente, adjuntamos la factura electronica correspondiente a su servicio contratado por un monto de COP 184. Puede consultar el detalle completo ingresando a su cuenta habitual en nuestro portal.",facturacion@serviciosaltiplano.com,benigno
Gracias por tu ayuda con el informe,"Hola Carlos, queria agradecerte por tu apoyo con el tema de innovacion esta semana. Tus comentarios fueron muy utiles para el equipo. Cualquier cosa que necesites de mi parte, avisame.",carlos.mendoza@corporativosureste.com,benigno
Gracias por cubrir la reunion de clima laboral,"Hola Luis, queria agradecerte por tu apoyo con el tema de cierre de mes esta semana. Tus comentarios fueron muy utiles para el equipo. Cualquier cosa que necesites de mi parte, avisame.",luis.rojas@serviciosaltiplano.com,benigno
Gracias por tu ayuda con el informe,"Hola Jorge, queria agradecerte por tu apoyo con el tema de bienestar laboral esta semana. Tus comentarios fueron muy utiles para el equipo. Cualquier cosa que necesites de mi parte, avisame.",jorge.castillo@serviciosaltiplano.com,benigno
Invitacion: celebracion de aniversario de la empresa,"Estimado equipo, este mes celebramos el aniversario de la empresa con actividades para todos los colaboradores, incluyendo una charla sobre bienestar laboral el la proxima semana. Pronto compartiremos el cronograma completo con mas detalles.",comunicaciones@corporativosureste.com,benigno
Excelente trabajo en la presentacion de ayer,"Hola Paula, queria agradecerte por tu apoyo con el tema de cierre de mes esta semana. Tus comentarios fueron muy utiles para el equipo. Cualquier cosa que necesites de mi parte, avisame.",paula.jimenez@consultoraprisma.com,benigno
Excelente trabajo en la presentacion de ayer,"Hola Andres, queria agradecerte por tu apoyo con el tema de seguridad informatica esta semana. Tus comentarios fueron muy utiles para el equipo. Cualquier cosa que necesites de mi parte, avisame.",andres.paredes@industriasmeridiano.com,benigno
Gracias por tu compra en nuestra tienda,"Hola Maria, gracias por tu compra reciente. Tu pedido #8356 por COP 545 fue procesado correctamente y sera entregado en un plazo de 3 a 5 dias habiles. Puedes revisar el estado de tu envio desde tu cuenta.",pedidos@distribuidoracentral.com,benigno
Mantenimiento programado del sistema - martes,"Estimado equipo, el respaldo semanal de informacion de los servidores internos se completo exitosamente sin incidencias. El proximo mantenimiento programado sera el lunes. No se requiere ninguna accion de su parte.",infraestructura@corporativosureste.com,benigno
Ticket #9449 actualizado por el area de soporte,"Estimado usuario, su ticket #4922 relacionado con capacitacion continua fue actualizado por el area de soporte interno. Puede revisar la respuesta completa ingresando al sistema de mesa de ayuda con su usuario habitual.",mesadeayuda@corporativosureste.com,benigno
Seguimiento de pendientes del proyecto capacitacion continua,"Hola equipo, para la reunion del lunes sobre sostenibilidad necesitamos revisar los avances pendientes. Por favor confirmen su asistencia y traigan sus reportes actualizados. Nos vemos en la sala habitual.",miguel.torres@industriasmeridiano.com,benigno
Ticket #7397 actualizado por el area de soporte,"Estimado usuario, su ticket #6614 relacionado con trabajo en equipo fue actualizado por el area de soporte interno. Puede revisar la respuesta completa ingresando al sistema de mesa de ayuda con su usuario habitual.",mesadeayuda@consultoraprisma.com,benigno
Te invitamos a la charla sobre gestion de proyectos,"Estimado equipo, este mes celebramos el aniversario de la empresa con actividades para todos los colaboradores, incluyendo una charla sobre innovacion el el viernes por la tarde. Pronto compartiremos el cronograma completo con mas detalles.",comunicaciones@serviciosaltiplano.com,benigno
"Bienvenida al equipo, Rodrigo","Hola a todos, nos da mucho gusto anunciar la incorporacion de Rodrigo a nuestro equipo de gestion de proyectos. La induccion sera el miercoles proximo. Les pedimos darle una calida bienvenida.",comunicaciones@distribuidoracentral.com,benigno
Induccion para nuevos colaboradores - el viernes por la tarde,"Hola a todos, nos da mucho gusto anunciar la incorporacion de Fernando a nuestro equipo de bienestar laboral. La induccion sera el miercoles proximo. Les pedimos darle una calida bienvenida.",comunicaciones@distribuidoracentral.com,benigno
Recordatorio de pago - servicio contratado,"Estimado cliente, adjuntamos la factura electronica correspondiente a su servicio contratado por un monto de CLP 795. Puede consultar el detalle completo ingresando a su cuenta habitual en nuestro portal.",facturacion@logisticahorizonte.com,benigno
Encuesta de satisfaccion sobre gestion de proyectos,"Hola equipo, los invitamos a participar en la encuesta interna sobre seguridad informatica. Sus respuestas son anonimas y nos ayudan a mejorar continuamente. La encuesta estara disponible hasta el la proxima semana.",comunicaciones@consultoraprisma.com,benigno
Tu opinion es importante - encuesta de clima laboral,"Hola equipo, los invitamos a participar en la encuesta interna sobre capacitacion continua. Sus respuestas son anonimas y nos ayudan a mejorar continuamente. La encuesta estara disponible hasta el el viernes por la tarde.",comunicaciones@grupoandina.com,benigno
Agenda de la semana - equipo de sostenibilidad,"Hola equipo, para la reunion del miercoles proximo sobre capacitacion continua necesitamos revisar los avances pendientes. Por favor confirmen su asistencia y traigan sus reportes actualizados. Nos vemos en la sala habitual.",rodrigo.salas@serviciosaltiplano.com,benigno
Agenda de la semana - equipo de cierre de mes,"Hola equipo, para la reunion del el 20 de este mes sobre cierre de mes necesitamos revisar los avances pendientes. Por favor confirmen su asistencia y traigan sus reportes actualizados. Nos vemos en la sala habitual.",carmen.diaz@serviciosaltiplano.com,benigno
Respuesta a tu consulta sobre auditoria interna,"Estimado usuario, su ticket #1743 relacionado con innovacion fue actualizado por el area de soporte interno. Puede revisar la respuesta completa ingresando al sistema de mesa de ayuda con su usuario habitual.",mesadeayuda@tecnologiavertice.com,benigno
Te invitamos a la charla sobre capacitacion continua,"Estimado equipo, este mes celebramos el aniversario de la empresa con actividades para todos los colaboradores, incluyendo una charla sobre gestion de proyectos el la proxima semana. Pronto compartiremos el cronograma completo con mas detalles.",comunicaciones@industriasmeridiano.com,benigno
Excelente trabajo en la presentacion de ayer,"Hola Andres, queria agradecerte por tu apoyo con el tema de capacitacion continua esta semana. Tus comentarios fueron muy utiles para el equipo. Cualquier cosa que necesites de mi parte, avisame.",andres.paredes@distribuidoracentral.com,benigno
"Bienvenida al equipo, Sofia","Hola a todos, nos da mucho gusto anunciar la incorporacion de Sofia a nuestro equipo de onboarding. La induccion sera el miercoles proximo. Les pedimos darle una calida bienvenida.",comunicaciones@serviciosaltiplano.com,benigno
Invitacion: celebracion de aniversario de la empresa,"Estimado equipo, este mes celebramos el aniversario de la empresa con actividades para todos los colaboradores, incluyendo una charla sobre auditoria interna el lunes. Pronto compartiremos el cronograma completo con mas detalles.",comunicaciones@tecnologiavertice.com,benigno
"Bienvenida al equipo, Ana","Hola a todos, nos da mucho gusto anunciar la incorporacion de Ana a nuestro equipo de cierre de mes. La induccion sera el el viernes por la tarde. Les pedimos darle una calida bienvenida.",comunicaciones@distribuidoracentral.com,benigno
"Bienvenida al equipo, Isabel","Hola a todos, nos da mucho gusto anunciar la incorporacion de Isabel a nuestro equipo de atencion al cliente. La induccion sera el el viernes por la tarde. Les pedimos darle una calida bienvenida.",comunicaciones@serviciosaltiplano.com,benigno
Te invitamos a la charla sobre gestion de proyectos,"Estimado equipo, este mes celebramos el aniversario de la empresa con actividades para todos los colaboradores, incluyendo una charla sobre atencion al cliente el lunes. Pronto compartiremos el cronograma completo con mas detalles.",comunicaciones@industriasmeridiano.com,benigno
Seguimiento de pendientes del proyecto innovacion,"Hola equipo, para la reunion del el 20 de este mes sobre auditoria interna necesitamos revisar los avances pendientes. Por favor confirmen su asistencia y traigan sus reportes actualizados. Nos vemos en la sala habitual.",jorge.castillo@grupoandina.com,benigno
Tu opinion es importante - encuesta de clima laboral,"Hola equipo, los invitamos a participar en la encuesta interna sobre capacitacion continua. Sus respuestas son anonimas y nos ayudan a mejorar continuamente. La encuesta estara disponible hasta el martes.",comunicaciones@consultoraprisma.com,benigno
Su recibo de pago ya esta disponible,"Estimado cliente, adjuntamos la factura electronica correspondiente a su servicio contratado por un monto de COP 576. Puede consultar el detalle completo ingresando a su cuenta habitual en nuestro portal.",facturacion@distribuidoracentral.com,benigno
Gracias por cubrir la reunion de seguridad informatica,"Hola Sofia, queria agradecerte por tu apoyo con el tema de auditoria interna esta semana. Tus comentarios fueron muy utiles para el equipo. Cualquier cosa que necesites de mi parte, avisame.",sofia.herrera@grupoandina.com,benigno
Actividades programadas para el martes,"Estimado equipo, este mes celebramos el aniversario de la empresa con actividades para todos los colaboradores, incluyendo una charla sobre capacitacion continua el martes. Pronto compartiremos el cronograma completo con mas detalles.",comunicaciones@distribuidoracentral.com,benigno
Induccion para nuevos colaboradores - miercoles proximo,"Hola a todos, nos da mucho gusto anunciar la incorporacion de Carmen a nuestro equipo de seguridad informatica. La induccion sera el martes. Les pedimos darle una calida bienvenida.",comunicaciones@grupoandina.com,benigno
Mantenimiento programado del sistema - el 20 de este mes,"Estimado equipo, el respaldo semanal de informacion de los servidores internos se completo exitosamente sin incidencias. El proximo mantenimiento programado sera el el viernes por la tarde. No se requiere ninguna accion de su parte.",infraestructura@serviciosaltiplano.com,benigno
Coordinacion de la reunion de cierre de mes - la proxima semana,"Hola equipo, para la reunion del miercoles proximo sobre onboarding necesitamos revisar los avances pendientes. Por favor confirmen su asistencia y traigan sus reportes actualizados. Nos vemos en la sala habitual.",isabel.gomez@tecnologiavertice.com,benigno
Respuesta a tu consulta sobre cierre de mes,"Estimado usuario, su ticket #8608 relacionado con clima laboral fue actualizado por el area de soporte interno. Puede revisar la respuesta completa ingresando al sistema de mesa de ayuda con su usuario habitual.",mesadeayuda@consultoraprisma.com,benigno
Actividades programadas para el la proxima semana,"Estimado equipo, este mes celebramos el aniversario de la empresa con actividades para todos los colaboradores, incluyendo una charla sobre capacitacion continua el miercoles proximo. Pronto compartiremos el cronograma completo con mas detalles.",comunicaciones@logisticahorizonte.com,benigno
Convocatoria a capacitacion de gestion de proyectos,"Estimado equipo, les informamos que a partir de este mes se actualizo la politica interna relacionada con auditoria interna. Pueden revisar el documento completo en la intranet corporativa. Cualquier duda, contactar al area de Recursos Humanos.",rrhh@tecnologiavertice.com,benigno
Seguimiento de pendientes del proyecto atencion al cliente,"Hola equipo, para la reunion del la proxima semana sobre sostenibilidad necesitamos revisar los avances pendientes. Por favor confirmen su asistencia y traigan sus reportes actualizados. Nos vemos en la sala habitual.",fernando.silva@logisticahorizonte.com,benigno
Tu opinion es importante - encuesta de clima laboral,"Hola equipo, los invitamos a participar en la encuesta interna sobre auditoria interna. Sus respuestas son anonimas y nos ayudan a mejorar continuamente. La encuesta estara disponible hasta el miercoles proximo.",comunicaciones@industriasmeridiano.com,benigno
Actividades programadas para el el 20 de este mes,"Estimado equipo, este mes celebramos el aniversario de la empresa con actividades para todos los colaboradores, incluyendo una charla sobre clima laboral el la proxima semana. Pronto compartiremos el cronograma completo con mas detalles.",comunicaciones@industriasmeridiano.com,benigno
Factura electronica correspondiente al mes de miercoles proximo,"Estimado cliente, adjuntamos la factura electronica correspondiente a su servicio contratado por un monto de COP 397. Puede consultar el detalle completo ingresando a su cuenta habitual en nuestro portal.",facturacion@grupoandina.com,benigno
Su recibo de pago ya esta disponible,"Estimado cliente, adjuntamos la factura electronica correspondiente a su servicio contratado por un monto de COP 608. Puede consultar el detalle completo ingresando a su cuenta habitual en nuestro portal.",facturacion@consultoraprisma.com,benigno
Recordatorio: entrega de recibos de nomina,"Estimado equipo, les informamos que a partir de este mes se actualizo la politica interna relacionada con clima laboral. Pueden revisar el documento completo en la intranet corporativa. Cualquier duda, contactar al area de Recursos Humanos.",rrhh@corporativosureste.com,benigno
Respuesta a tu consulta sobre sostenibilidad,"Estimado usuario, su ticket #9714 relacionado con onboarding fue actualizado por el area de soporte interno. Puede revisar la respuesta completa ingresando al sistema de mesa de ayuda con su usuario habitual.",mesadeayuda@corporativosureste.com,benigno
Gracias por cubrir la reunion de auditoria interna,"Hola Diego, queria agradecerte por tu apoyo con el tema de cierre de mes esta semana. Tus comentarios fueron muy utiles para el equipo. Cualquier cosa que necesites de mi parte, avisame.",diego.morales@consultoraprisma.com,benigno
Agenda de la semana - equipo de auditoria interna,"Hola equipo, para la reunion del la proxima semana sobre clima laboral necesitamos revisar los avances pendientes. Por favor confirmen su asistencia y traigan sus reportes actualizados. Nos vemos en la sala habitual.",ricardo.vargas@consultoraprisma.com,benigno
Coordinacion de la reunion de innovacion - el viernes por la tarde,"Hola equipo, para la reunion del la proxima semana sobre gestion de proyectos necesitamos revisar los avances pendientes. Por favor confirmen su asistencia y traigan sus reportes actualizados. Nos vemos en la sala habitual.",rodrigo.salas@tecnologiavertice.com,benigno
Invitacion: celebracion de aniversario de la empresa,"Estimado equipo, este mes celebramos el aniversario de la empresa con actividades para todos los colaboradores, incluyendo una charla sobre trabajo en equipo el martes. Pronto compartiremos el cronograma completo con mas detalles.",comunicaciones@distribuidoracentral.com,benigno
Tu opinion es importante - encuesta de clima laboral,"Hola equipo, los invitamos a participar en la encuesta interna sobre innovacion. Sus respuestas son anonimas y nos ayudan a mejorar continuamente. La encuesta estara disponible hasta el lunes.",comunicaciones@tecnologiavertice.com,benigno
Encuesta de satisfaccion sobre sostenibilidad,"Hola equipo, los invitamos a participar en la encuesta interna sobre bienestar laboral. Sus respuestas son anonimas y nos ayudan a mejorar continuamente. La encuesta estara disponible hasta el el 20 de este mes.",comunicaciones@logisticahorizonte.com,benigno
Gracias por tu compra en nuestra tienda,"Hola Andres, gracias por tu compra reciente. Tu pedido #4435 por MXN 118 fue procesado correctamente y sera entregado en un plazo de 3 a 5 dias habiles. Puedes revisar el estado de tu envio desde tu cuenta.",pedidos@consultoraprisma.com,benigno
"Bienvenida al equipo, Paula","Hola a todos, nos da mucho gusto anunciar la incorporacion de Paula a nuestro equipo de auditoria interna. La induccion sera el el 20 de este mes. Les pedimos darle una calida bienvenida.",comunicaciones@corporativosureste.com,benigno
Gracias por tu ayuda con el informe,"Hola Sebastian, queria agradecerte por tu apoyo con el tema de bienestar laboral esta semana. Tus comentarios fueron muy utiles para el equipo. Cualquier cosa que necesites de mi parte, avisame.",sebastian.nunez@consultoraprisma.com,benigno
Tu opinion es importante - encuesta de clima laboral,"Hola equipo, los invitamos a participar en la encuesta interna sobre atencion al cliente. Sus respuestas son anonimas y nos ayudan a mejorar continuamente. La encuesta estara disponible hasta el lunes.",comunicaciones@logisticahorizonte.com,benigno
Encuesta de satisfaccion sobre bienestar laboral,"Hola equipo, los invitamos a participar en la encuesta interna sobre gestion de proyectos. Sus respuestas son anonimas y nos ayudan a mejorar continuamente. La encuesta estara disponible hasta el el 20 de este mes.",comunicaciones@tecnologiavertice.com,benigno
Gracias por cubrir la reunion de onboarding,"Hola Sofia, queria agradecerte por tu apoyo con el tema de gestion de proyectos esta semana. Tus comentarios fueron muy utiles para el equipo. Cualquier cosa que necesites de mi parte, avisame.",sofia.herrera@consultoraprisma.com,benigno
Tu compra fue despachada correctamente,"Hola Sebastian, gracias por tu compra reciente. Tu pedido #6394 por CLP 104 fue procesado correctamente y sera entregado en un plazo de 3 a 5 dias habiles. Puedes revisar el estado de tu envio desde tu cuenta.",pedidos@serviciosaltiplano.com,benigno
Confirmacion de tu pedido #6673,"Hola Daniela, gracias por tu compra reciente. Tu pedido #3374 por ARS 197 fue procesado correctamente y sera entregado en un plazo de 3 a 5 dias habiles. Puedes revisar el estado de tu envio desde tu cuenta.",pedidos@tecnologiavertice.com,benigno
Induccion para nuevos colaboradores - miercoles proximo,"Hola a todos, nos da mucho gusto anunciar la incorporacion de Ana a nuestro equipo de gestion de proyectos. La induccion sera el martes. Les pedimos darle una calida bienvenida.",comunicaciones@corporativosureste.com,benigno
Ticket #8927 actualizado por el area de soporte,"Estimado usuario, su ticket #4653 relacionado con innovacion fue actualizado por el area de soporte interno. Puede revisar la respuesta completa ingresando al sistema de mesa de ayuda con su usuario habitual.",mesadeayuda@distribuidoracentral.com,benigno
Tu compra fue despachada correctamente,"Hola Daniela, gracias por tu compra reciente. Tu pedido #5984 por COP 341 fue procesado correctamente y sera entregado en un plazo de 3 a 5 dias habiles. Puedes revisar el estado de tu envio desde tu cuenta.",pedidos@tecnologiavertice.com,benigno
Induccion para nuevos colaboradores - martes,"Hola a todos, nos da mucho gusto anunciar la incorporacion de Luis a nuestro equipo de atencion al cliente. La induccion sera el la proxima semana. Les pedimos darle una calida bienvenida.",comunicaciones@distribuidoracentral.com,benigno
Induccion para nuevos colaboradores - miercoles proximo,"Hola a todos, nos da mucho gusto anunciar la incorporacion de Isabel a nuestro equipo de bienestar laboral. La induccion sera el el 20 de este mes. Les pedimos darle una calida bienvenida.",comunicaciones@industriasmeridiano.com,benigno
Tu opinion es importante - encuesta de clima laboral,"Hola equipo, los invitamos a participar en la encuesta interna sobre innovacion. Sus respuestas son anonimas y nos ayudan a mejorar continuamente. La encuesta estara disponible hasta el martes.",comunicaciones@industriasmeridiano.com,benigno
Su recibo de pago ya esta disponible,"Estimado cliente, adjuntamos la factura electronica correspondiente a su servicio contratado por un monto de COP 222. Puede consultar el detalle completo ingresando a su cuenta habitual en nuestro portal.",facturacion@tecnologiavertice.com,benigno
Ticket #4038 actualizado por el area de soporte,"Estimado usuario, su ticket #9255 relacionado con sostenibilidad fue actualizado por el area de soporte interno. Puede revisar la respuesta completa ingresando al sistema de mesa de ayuda con su usuario habitual.",mesadeayuda@serviciosaltiplano.com,benigno
Encuesta de satisfaccion sobre bienestar laboral,"Hola equipo, los invitamos a participar en la encuesta interna sobre sostenibilidad. Sus respuestas son anonimas y nos ayudan a mejorar continuamente. La encuesta estara disponible hasta el lunes.",comunicaciones@distribuidoracentral.com,benigno
Tu solicitud fue resuelta correctamente,"Estimado usuario, su ticket #8176 relacionado con sostenibilidad fue actualizado por el area de soporte interno. Puede revisar la respuesta completa ingresando al sistema de mesa de ayuda con su usuario habitual.",mesadeayuda@logisticahorizonte.com,benigno
Gracias por cubrir la reunion de onboarding,"Hola Ricardo, queria agradecerte por tu apoyo con el tema de bienestar laboral esta semana. Tus comentarios fueron muy utiles para el equipo. Cualquier cosa que necesites de mi parte, avisame.",ricardo.vargas@serviciosaltiplano.com,benigno
Nuevo beneficio de bienestar para colaboradores,"Estimado equipo, les informamos que a partir de este mes se actualizo la politica interna relacionada con atencion al cliente. Pueden revisar el documento completo en la intranet corporativa. Cualquier duda, contactar al area de Recursos Humanos.",rrhh@logisticahorizonte.com,benigno
Mantenimiento programado del sistema - miercoles proximo,"Estimado equipo, el respaldo semanal de informacion de los servidores internos se completo exitosamente sin incidencias. El proximo mantenimiento programado sera el el viernes por la tarde. No se requiere ninguna accion de su parte.",infraestructura@distribuidoracentral.com,benigno
Factura electronica correspondiente al mes de martes,"Estimado cliente, adjuntamos la factura electronica correspondiente a su servicio contratado por un monto de CLP 557. Puede consultar el detalle completo ingresando a su cuenta habitual en nuestro portal.",facturacion@logisticahorizonte.com,benigno
Ticket #3531 actualizado por el area de soporte,"Estimado usuario, su ticket #1744 relacionado con seguridad informatica fue actualizado por el area de soporte interno. Puede revisar la respuesta completa ingresando al sistema de mesa de ayuda con su usuario habitual.",mesadeayuda@distribuidoracentral.com,benigno
Encuesta de satisfaccion sobre cierre de mes,"Hola equipo, los invitamos a participar en la encuesta interna sobre sostenibilidad. Sus respuestas son anonimas y nos ayudan a mejorar continuamente. La encuesta estara disponible hasta el el 20 de este mes.",comunicaciones@tecnologiavertice.com,benigno
"Bienvenida al equipo, Isabel","Hola a todos, nos da mucho gusto anunciar la incorporacion de Isabel a nuestro equipo de clima laboral. La induccion sera el miercoles proximo. Les pedimos darle una calida bienvenida.",comunicaciones@industriasmeridiano.com,benigno
Factura electronica correspondiente al mes de martes,"Estimado cliente, adjuntamos la factura electronica correspondiente a su servicio contratado por un monto de COP 87. Puede consultar el detalle completo ingresando a su cuenta habitual en nuestro portal.",facturacion@industriasmeridiano.com,benigno
Respuesta a tu consulta sobre onboarding,"Estimado usuario, su ticket #9967 relacionado con trabajo en equipo fue actualizado por el area de soporte interno. Puede revisar la respuesta completa ingresando al sistema de mesa de ayuda con su usuario habitual.",mesadeayuda@logisticahorizonte.com,benigno
Factura electronica correspondiente al mes de lunes,"Estimado cliente, adjuntamos la factura electronica correspondiente a su servicio contratado por un monto de CLP 550. Puede consultar el detalle completo ingresando a su cuenta habitual en nuestro portal.",facturacion@corporativosureste.com,benigno
Te invitamos a la charla sobre clima laboral,"Estimado equipo, este mes celebramos el aniversario de la empresa con actividades para todos los colaboradores, incluyendo una charla sobre innovacion el martes. Pronto compartiremos el cronograma completo con mas detalles.",comunicaciones@corporativosureste.com,benigno
Tu solicitud fue resuelta correctamente,"Estimado usuario, su ticket #5442 relacionado con trabajo en equipo fue actualizado por el area de soporte interno. Puede revisar la respuesta completa ingresando al sistema de mesa de ayuda con su usuario habitual.",mesadeayuda@consultoraprisma.com,benigno
Tu solicitud fue resuelta correctamente,"Estimado usuario, su ticket #6661 relacionado con capacitacion continua fue actualizado por el area de soporte interno. Puede revisar la respuesta completa ingresando al sistema de mesa de ayuda con su usuario habitual.",mesadeayuda@distribuidoracentral.com,benigno
Gracias por cubrir la reunion de cierre de mes,"Hola Ana, queria agradecerte por tu apoyo con el tema de sostenibilidad esta semana. Tus comentarios fueron muy utiles para el equipo. Cualquier cosa que necesites de mi parte, avisame.",ana.fuentes@consultoraprisma.com,benigno
Gracias por cubrir la reunion de atencion al cliente,"Hola Jorge, queria agradecerte por tu apoyo con el tema de trabajo en equipo esta semana. Tus comentarios fueron muy utiles para el equipo. Cualquier cosa que necesites de mi parte, avisame.",jorge.castillo@corporativosureste.com,benigno
Su recibo de pago ya esta disponible,"Estimado cliente, adjuntamos la factura electronica correspondiente a su servicio contratado por un monto de MXN 201. Puede consultar el detalle completo ingresando a su cuenta habitual en nuestro portal.",facturacion@consultoraprisma.com,benigno
"Bienvenida al equipo, Isabel","Hola a todos, nos da mucho gusto anunciar la incorporacion de Isabel a nuestro equipo de auditoria interna. La induccion sera el la proxima semana. Les pedimos darle una calida bienvenida.",comunicaciones@consultoraprisma.com,benigno
Te invitamos a la charla sobre trabajo en equipo,"Estimado equipo, este mes celebramos el aniversario de la empresa con actividades para todos los colaboradores, incluyendo una charla sobre capacitacion continua el lunes. Pronto compartiremos el cronograma completo con mas detalles.",comunicaciones@tecnologiavertice.com,benigno
Induccion para nuevos colaboradores - el viernes por la tarde,"Hola a todos, nos da mucho gusto anunciar la incorporacion de Ricardo a nuestro equipo de onboarding. La induccion sera el la proxima semana. Les pedimos darle una calida bienvenida.",comunicaciones@logisticahorizonte.com,benigno
Seguimiento de pendientes del proyecto gestion de proyectos,"Hola equipo, para la reunion del martes sobre innovacion necesitamos revisar los avances pendientes. Por favor confirmen su asistencia y traigan sus reportes actualizados. Nos vemos en la sala habitual.",carmen.diaz@tecnologiavertice.com,benigno
Agenda de la semana - equipo de gestion de proyectos,"Hola equipo, para la reunion del martes sobre bienestar laboral necesitamos revisar los avances pendientes. Por favor confirmen su asistencia y traigan sus reportes actualizados. Nos vemos en la sala habitual.",isabel.gomez@corporativosureste.com,benigno
Coordinacion de la reunion de onboarding - el viernes por la tarde,"Hola equipo, para la reunion del martes sobre auditoria interna necesitamos revisar los avances pendientes. Por favor confirmen su asistencia y traigan sus reportes actualizados. Nos vemos en la sala habitual.",carlos.mendoza@tecnologiavertice.com,benigno
Seguimiento de pendientes del proyecto gestion de proyectos,"Hola equipo, para la reunion del lunes sobre cierre de mes necesitamos revisar los avances pendientes. Por favor confirmen su asistencia y traigan sus reportes actualizados. Nos vemos en la sala habitual.",maria.fernandez@logisticahorizonte.com,benigno
Gracias por tu compra en nuestra tienda,"Hola Maria, gracias por tu compra reciente. Tu pedido #5751 por COP 630 fue procesado correctamente y sera entregado en un plazo de 3 a 5 dias habiles. Puedes revisar el estado de tu envio desde tu cuenta.",pedidos@consultoraprisma.com,benigno
Excelente trabajo en la presentacion de ayer,"Hola Luis, queria agradecerte por tu apoyo con el tema de innovacion esta semana. Tus comentarios fueron muy utiles para el equipo. Cualquier cosa que necesites de mi parte, avisame.",luis.rojas@tecnologiavertice.com,benigno
Gracias por tu compra en nuestra tienda,"Hola Ricardo, gracias por tu compra reciente. Tu pedido #9134 por MXN 194 fue procesado correctamente y sera entregado en un plazo de 3 a 5 dias habiles. Puedes revisar el estado de tu envio desde tu cuenta.",pedidos@logisticahorizonte.com,benigno
Convocatoria a capacitacion de onboarding,"Estimado equipo, les informamos que a partir de este mes se actualizo la politica interna relacionada con clima laboral. Pueden revisar el documento completo en la intranet corporativa. Cualquier duda, contactar al area de Recursos Humanos.",rrhh@logisticahorizonte.com,benigno
Tu compra fue despachada correctamente,"Hola Fernando, gracias por tu compra reciente. Tu pedido #9715 por PEN 277 fue procesado correctamente y sera entregado en un plazo de 3 a 5 dias habiles. Puedes revisar el estado de tu envio desde tu cuenta.",pedidos@logisticahorizonte.com,benigno
Gracias por cubrir la reunion de sostenibilidad,"Hola Rodrigo, queria agradecerte por tu apoyo con el tema de cierre de mes esta semana. Tus comentarios fueron muy utiles para el equipo. Cualquier cosa que necesites de mi parte, avisame.",rodrigo.salas@tecnologiavertice.com,benigno
Invitacion: celebracion de aniversario de la empresa,"Estimado equipo, este mes celebramos el aniversario de la empresa con actividades para todos los colaboradores, incluyendo una charla sobre cierre de mes el el 20 de este mes. Pronto compartiremos el cronograma completo con mas detalles.",comunicaciones@tecnologiavertice.com,benigno
Tu opinion es importante - encuesta de clima laboral,"Hola equipo, los invitamos a participar en la encuesta interna sobre clima laboral. Sus respuestas son anonimas y nos ayudan a mejorar continuamente. La encuesta estara disponible hasta el la proxima semana.",comunicaciones@corporativosureste.com,benigno
Gracias por tu compra en nuestra tienda,"Hola Ana, gracias por tu compra reciente. Tu pedido #6231 por ARS 667 fue procesado correctamente y sera entregado en un plazo de 3 a 5 dias habiles. Puedes revisar el estado de tu envio desde tu cuenta.",pedidos@distribuidoracentral.com,benigno
Respaldo semanal completado exitosamente,"Estimado equipo, el respaldo semanal de informacion de los servidores internos se completo exitosamente sin incidencias. El proximo mantenimiento programado sera el el viernes por la tarde. No se requiere ninguna accion de su parte.",infraestructura@tecnologiavertice.com,benigno
Actualizacion de la politica de home office,"Estimado equipo, les informamos que a partir de este mes se actualizo la politica interna relacionada con auditoria interna. Pueden revisar el documento completo en la intranet corporativa. Cualquier duda, contactar al area de Recursos Humanos.",rrhh@consultoraprisma.com,benigno
Gracias por cubrir la reunion de cierre de mes,"Hola Isabel, queria agradecerte por tu apoyo con el tema de trabajo en equipo esta semana. Tus comentarios fueron muy utiles para el equipo. Cualquier cosa que necesites de mi parte, avisame.",isabel.gomez@serviciosaltiplano.com,benigno
Encuesta de satisfaccion sobre capacitacion continua,"Hola equipo, los invitamos a participar en la encuesta interna sobre gestion de proyectos. Sus respuestas son anonimas y nos ayudan a mejorar continuamente. La encuesta estara disponible hasta el el 20 de este mes.",comunicaciones@tecnologiavertice.com,benigno
"Bienvenida al equipo, Fernando","Hola a todos, nos da mucho gusto anunciar la incorporacion de Fernando a nuestro equipo de innovacion. La induccion sera el el viernes por la tarde. Les pedimos darle una calida bienvenida.",comunicaciones@grupoandina.com,benigno
Actividades programadas para el martes,"Estimado equipo, este mes celebramos el aniversario de la empresa con actividades para todos los colaboradores, incluyendo una charla sobre clima laboral el martes. Pronto compartiremos el cronograma completo con mas detalles.",comunicaciones@logisticahorizonte.com,benigno
Invitacion: celebracion de aniversario de la empresa,"Estimado equipo, este mes celebramos el aniversario de la empresa con actividades para todos los colaboradores, incluyendo una charla sobre onboarding el el viernes por la tarde. Pronto compartiremos el cronograma completo con mas detalles.",comunicaciones@corporativosureste.com,benigno
Tu solicitud fue resuelta correctamente,"Estimado usuario, su ticket #4752 relacionado con trabajo en equipo fue actualizado por el area de soporte interno. Puede revisar la respuesta completa ingresando al sistema de mesa de ayuda con su usuario habitual.",mesadeayuda@consultoraprisma.com,benigno
Agenda de la semana - equipo de clima laboral,"Hola equipo, para la reunion del martes sobre onboarding necesitamos revisar los avances pendientes. Por favor confirmen su asistencia y traigan sus reportes actualizados. Nos vemos en la sala habitual.",ana.fuentes@serviciosaltiplano.com,benigno
Mantenimiento programado del sistema - martes,"Estimado equipo, el respaldo semanal de informacion de los servidores internos se completo exitosamente sin incidencias. El proximo mantenimiento programado sera el la proxima semana. No se requiere ninguna accion de su parte.",infraestructura@serviciosaltiplano.com,benigno
Tu opinion es importante - encuesta de clima laboral,"Hola equipo, los invitamos a participar en la encuesta interna sobre trabajo en equipo. Sus respuestas son anonimas y nos ayudan a mejorar continuamente. La encuesta estara disponible hasta el la proxima semana.",comunicaciones@serviciosaltiplano.com,benigno
Te invitamos a la charla sobre auditoria interna,"Estimado equipo, este mes celebramos el aniversario de la empresa con actividades para todos los colaboradores, incluyendo una charla sobre trabajo en equipo el lunes. Pronto compartiremos el cronograma completo con mas detalles.",comunicaciones@consultoraprisma.com,benigno
Ticket #3928 actualizado por el area de soporte,"Estimado usuario, su ticket #3041 relacionado con trabajo en equipo fue actualizado por el area de soporte interno. Puede revisar la respuesta completa ingresando al sistema de mesa de ayuda con su usuario habitual.",mesadeayuda@distribuidoracentral.com,benigno
"Bienvenida al equipo, Carlos","Hola a todos, nos da mucho gusto anunciar la incorporacion de Carlos a nuestro equipo de auditoria interna. La induccion sera el lunes. Les pedimos darle una calida bienvenida.",comunicaciones@consultoraprisma.com,benigno
Confirmacion de tu pedido #7651,"Hola Isabel, gracias por tu compra reciente. Tu pedido #8426 por CLP 221 fue procesado correctamente y sera entregado en un plazo de 3 a 5 dias habiles. Puedes revisar el estado de tu envio desde tu cuenta.",pedidos@distribuidoracentral.com,benigno
Recordatorio de pago - servicio contratado,"Estimado cliente, adjuntamos la factura electronica correspondiente a su servicio contratado por un monto de PEN 142. Puede consultar el detalle completo ingresando a su cuenta habitual en nuestro portal.",facturacion@consultoraprisma.com,benigno
Factura electronica correspondiente al mes de miercoles proximo,"Estimado cliente, adjuntamos la factura electronica correspondiente a su servicio contratado por un monto de COP 375. Puede consultar el detalle completo ingresando a su cuenta habitual en nuestro portal.",facturacion@consultoraprisma.com,benigno
Factura electronica correspondiente al mes de el viernes por la tarde,"Estimado cliente, adjuntamos la factura electronica correspondiente a su servicio contratado por un monto de COP 672. Puede consultar el detalle completo ingresando a su cuenta habitual en nuestro portal.",facturacion@distribuidoracentral.com,benigno
Su recibo de pago ya esta disponible,"Estimado cliente, adjuntamos la factura electronica correspondiente a su servicio contratado por un monto de EUR 762. Puede consultar el detalle completo ingresando a su cuenta habitual en nuestro portal.",facturacion@logisticahorizonte.com,benigno
Agenda de la semana - equipo de auditoria interna,"Hola equipo, para la reunion del lunes sobre capacitacion continua necesitamos revisar los avances pendientes. Por favor confirmen su asistencia y traigan sus reportes actualizados. Nos vemos en la sala habitual.",valentina.cruz@consultoraprisma.com,benigno
Confirmacion de tu pedido #5101,"Hola Gabriela, gracias por tu compra reciente. Tu pedido #9308 por COP 135 fue procesado correctamente y sera entregado en un plazo de 3 a 5 dias habiles. Puedes revisar el estado de tu envio desde tu cuenta.",pedidos@serviciosaltiplano.com,benigno
Su recibo de pago ya esta disponible,"Estimado cliente, adjuntamos la factura electronica correspondiente a su servicio contratado por un monto de EUR 234. Puede consultar el detalle completo ingresando a su cuenta habitual en nuestro portal.",facturacion@grupoandina.com,benigno
Ticket #2921 actualizado por el area de soporte,"Estimado usuario, su ticket #7389 relacionado con gestion de proyectos fue actualizado por el area de soporte interno. Puede revisar la respuesta completa ingresando al sistema de mesa de ayuda con su usuario habitual.",mesadeayuda@distribuidoracentral.com,benigno
Tu solicitud fue resuelta correctamente,"Estimado usuario, su ticket #4197 relacionado con capacitacion continua fue actualizado por el area de soporte interno. Puede revisar la respuesta completa ingresando al sistema de mesa de ayuda con su usuario habitual.",mesadeayuda@logisticahorizonte.com,benigno
Gracias por tu ayuda con el informe,"Hola Sofia, queria agradecerte por tu apoyo con el tema de sostenibilidad esta semana. Tus comentarios fueron muy utiles para el equipo. Cualquier cosa que necesites de mi parte, avisame.",sofia.herrera@industriasmeridiano.com,benigno
Confirmacion de tu pedido #9746,"Hola Valentina, gracias por tu compra reciente. Tu pedido #9398 por CLP 284 fue procesado correctamente y sera entregado en un plazo de 3 a 5 dias habiles. Puedes revisar el estado de tu envio desde tu cuenta.",pedidos@tecnologiavertice.com,benigno
Mantenimiento programado del sistema - el 20 de este mes,"Estimado equipo, el respaldo semanal de informacion de los servidores internos se completo exitosamente sin incidencias. El proximo mantenimiento programado sera el martes. No se requiere ninguna accion de su parte.",infraestructura@tecnologiavertice.com,benigno
"Bienvenida al equipo, Sofia","Hola a todos, nos da mucho gusto anunciar la incorporacion de Sofia a nuestro equipo de gestion de proyectos. La induccion sera el miercoles proximo. Les pedimos darle una calida bienvenida.",comunicaciones@corporativosureste.com,benigno
Confirmacion de tu pedido #5066,"Hola Valentina, gracias por tu compra reciente. Tu pedido #1260 por ARS 365 fue procesado correctamente y sera entregado en un plazo de 3 a 5 dias habiles. Puedes revisar el estado de tu envio desde tu cuenta.",pedidos@corporativosureste.com,benigno
Gracias por tu ayuda con el informe,"Hola Fernando, queria agradecerte por tu apoyo con el tema de sostenibilidad esta semana. Tus comentarios fueron muy utiles para el equipo. Cualquier cosa que necesites de mi parte, avisame.",fernando.silva@serviciosaltiplano.com,benigno
Excelente trabajo en la presentacion de ayer,"Hola Maria, queria agradecerte por tu apoyo con el tema de onboarding esta semana. Tus comentarios fueron muy utiles para el equipo. Cualquier cosa que necesites de mi parte, avisame.",maria.fernandez@distribuidoracentral.com,benigno
Confirmacion de tu pedido #5472,"Hola Jorge, gracias por tu compra reciente. Tu pedido #3272 por PEN 653 fue procesado correctamente y sera entregado en un plazo de 3 a 5 dias habiles. Puedes revisar el estado de tu envio desde tu cuenta.",pedidos@tecnologiavertice.com,benigno
Ticket #1990 actualizado por el area de soporte,"Estimado usuario, su ticket #2020 relacionado con atencion al cliente fue actualizado por el area de soporte interno. Puede revisar la respuesta completa ingresando al sistema de mesa de ayuda con su usuario habitual.",mesadeayuda@industriasmeridiano.com,benigno
Confirmacion de tu pedido #2361,"Hola Daniela, gracias por tu compra reciente. Tu pedido #1674 por EUR 332 fue procesado correctamente y sera entregado en un plazo de 3 a 5 dias habiles. Puedes revisar el estado de tu envio desde tu cuenta.",pedidos@corporativosureste.com,benigno
Gracias por cubrir la reunion de gestion de proyectos,"Hola Camila, queria agradecerte por tu apoyo con el tema de seguridad informatica esta semana. Tus comentarios fueron muy utiles para el equipo. Cualquier cosa que necesites de mi parte, avisame.",camila.reyes@serviciosaltiplano.com,benigno
Actualizacion de la politica de home office,"Estimado equipo, les informamos que a partir de este mes se actualizo la politica interna relacionada con sostenibilidad. Pueden revisar el documento completo en la intranet corporativa. Cualquier duda, contactar al area de Recursos Humanos.",rrhh@serviciosaltiplano.com,benigno
Factura electronica correspondiente al mes de el viernes por la tarde,"Estimado cliente, adjuntamos la factura electronica correspondiente a su servicio contratado por un monto de COP 150. Puede consultar el detalle completo ingresando a su cuenta habitual en nuestro portal.",facturacion@consultoraprisma.com,benigno
Su recibo de pago ya esta disponible,"Estimado cliente, adjuntamos la factura electronica correspondiente a su servicio contratado por un monto de MXN 594. Puede consultar el detalle completo ingresando a su cuenta habitual en nuestro portal.",facturacion@logisticahorizonte.com,benigno
Tu compra fue despachada correctamente,"Hola Diego, gracias por tu compra reciente. Tu pedido #3439 por EUR 586 fue procesado correctamente y sera entregado en un plazo de 3 a 5 dias habiles. Puedes revisar el estado de tu envio desde tu cuenta.",pedidos@distribuidoracentral.com,benigno
Agenda de la semana - equipo de onboarding,"Hola equipo, para la reunion del miercoles proximo sobre capacitacion continua necesitamos revisar los avances pendientes. Por favor confirmen su asistencia y traigan sus reportes actualizados. Nos vemos en la sala habitual.",jorge.castillo@consultoraprisma.com,benigno
Tu opinion es importante - encuesta de clima laboral,"Hola equipo, los invitamos a participar en la encuesta interna sobre gestion de proyectos. Sus respuestas son anonimas y nos ayudan a mejorar continuamente. La encuesta estara disponible hasta el el viernes por la tarde.",comunicaciones@serviciosaltiplano.com,benigno
Te invitamos a la charla sobre bienestar laboral,"Estimado equipo, este mes celebramos el aniversario de la empresa con actividades para todos los colaboradores, incluyendo una charla sobre atencion al cliente el el 20 de este mes. Pronto compartiremos el cronograma completo con mas detalles.",comunicaciones@serviciosaltiplano.com,benigno
"Bienvenida al equipo, Paula","Hola a todos, nos da mucho gusto anunciar la incorporacion de Paula a nuestro equipo de capacitacion continua. La induccion sera el la proxima semana. Les pedimos darle una calida bienvenida.",comunicaciones@consultoraprisma.com,benigno
Gracias por cubrir la reunion de auditoria interna,"Hola Isabel, queria agradecerte por tu apoyo con el tema de auditoria interna esta semana. Tus comentarios fueron muy utiles para el equipo. Cualquier cosa que necesites de mi parte, avisame.",isabel.gomez@grupoandina.com,benigno
Encuesta de satisfaccion sobre auditoria interna,"Hola equipo, los invitamos a participar en la encuesta interna sobre auditoria interna. Sus respuestas son anonimas y nos ayudan a mejorar continuamente. La encuesta estara disponible hasta el la proxima semana.",comunicaciones@industriasmeridiano.com,benigno
Tu opinion es importante - encuesta de clima laboral,"Hola equipo, los invitamos a participar en la encuesta interna sobre trabajo en equipo. Sus respuestas son anonimas y nos ayudan a mejorar continuamente. La encuesta estara disponible hasta el el 20 de este mes.",comunicaciones@tecnologiavertice.com,benigno
Recordatorio: entrega de recibos de nomina,"Estimado equipo, les informamos que a partir de este mes se actualizo la politica interna relacionada con auditoria interna. Pueden revisar el documento completo en la intranet corporativa. Cualquier duda, contactar al area de Recursos Humanos.",rrhh@corporativosureste.com,benigno
Coordinacion de la reunion de atencion al cliente - miercoles proximo,"Hola equipo, para la reunion del martes sobre cierre de mes necesitamos revisar los avances pendientes. Por favor confirmen su asistencia y traigan sus reportes actualizados. Nos vemos en la sala habitual.",jorge.castillo@serviciosaltiplano.com,benigno
Excelente trabajo en la presentacion de ayer,"Hola Maria, queria agradecerte por tu apoyo con el tema de sostenibilidad esta semana. Tus comentarios fueron muy utiles para el equipo. Cualquier cosa que necesites de mi parte, avisame.",maria.fernandez@logisticahorizonte.com,benigno
Induccion para nuevos colaboradores - el viernes por la tarde,"Hola a todos, nos da mucho gusto anunciar la incorporacion de Valentina a nuestro equipo de bienestar laboral. La induccion sera el martes. Les pedimos darle una calida bienvenida.",comunicaciones@distribuidoracentral.com,benigno
Gracias por tu ayuda con el informe,"Hola Rodrigo, queria agradecerte por tu apoyo con el tema de gestion de proyectos esta semana. Tus comentarios fueron muy utiles para el equipo. Cualquier cosa que necesites de mi parte, avisame.",rodrigo.salas@logisticahorizonte.com,benigno
Mantenimiento programado del sistema - lunes,"Estimado equipo, el respaldo semanal de informacion de los servidores internos se completo exitosamente sin incidencias. El proximo mantenimiento programado sera el martes. No se requiere ninguna accion de su parte.",infraestructura@industriasmeridiano.com,benigno
Respuesta a tu consulta sobre onboarding,"Estimado usuario, su ticket #4060 relacionado con cierre de mes fue actualizado por el area de soporte interno. Puede revisar la respuesta completa ingresando al sistema de mesa de ayuda con su usuario habitual.",mesadeayuda@tecnologiavertice.com,benigno
Tu compra fue despachada correctamente,"Hola Sebastian, gracias por tu compra reciente. Tu pedido #9928 por PEN 135 fue procesado correctamente y sera entregado en un plazo de 3 a 5 dias habiles. Puedes revisar el estado de tu envio desde tu cuenta.",pedidos@grupoandina.com,benigno
Invitacion: celebracion de aniversario de la empresa,"Estimado equipo, este mes celebramos el aniversario de la empresa con actividades para todos los colaboradores, incluyendo una charla sobre clima laboral el martes. Pronto compartiremos el cronograma completo con mas detalles.",comunicaciones@logisticahorizonte.com,benigno
Gracias por cubrir la reunion de auditoria interna,"Hola Fernando, queria agradecerte por tu apoyo con el tema de bienestar laboral esta semana. Tus comentarios fueron muy utiles para el equipo. Cualquier cosa que necesites de mi parte, avisame.",fernando.silva@serviciosaltiplano.com,benigno
Gracias por cubrir la reunion de atencion al cliente,"Hola Camila, queria agradecerte por tu apoyo con el tema de auditoria interna esta semana. Tus comentarios fueron muy utiles para el equipo. Cualquier cosa que necesites de mi parte, avisame.",camila.reyes@consultoraprisma.com,benigno
Coordinacion de la reunion de trabajo en equipo - el 20 de este mes,"Hola equipo, para la reunion del lunes sobre auditoria interna necesitamos revisar los avances pendientes. Por favor confirmen su asistencia y traigan sus reportes actualizados. Nos vemos en la sala habitual.",miguel.torres@distribuidoracentral.com,benigno
Recordatorio de pago - servicio contratado,"Estimado cliente, adjuntamos la factura electronica correspondiente a su servicio contratado por un monto de ARS 165. Puede consultar el detalle completo ingresando a su cuenta habitual en nuestro portal.",facturacion@tecnologiavertice.com,benigno
Su recibo de pago ya esta disponible,"Estimado cliente, adjuntamos la factura electronica correspondiente a su servicio contratado por un monto de CLP 601. Puede consultar el detalle completo ingresando a su cuenta habitual en nuestro portal.",facturacion@tecnologiavertice.com,benigno
Gracias por tu ayuda con el informe,"Hola Paula, queria agradecerte por tu apoyo con el tema de atencion al cliente esta semana. Tus comentarios fueron muy utiles para el equipo. Cualquier cosa que necesites de mi parte, avisame.",paula.jimenez@corporativosureste.com,benigno
Excelente trabajo en la presentacion de ayer,"Hola Andres, queria agradecerte por tu apoyo con el tema de gestion de proyectos esta semana. Tus comentarios fueron muy utiles para el equipo. Cualquier cosa que necesites de mi parte, avisame.",andres.paredes@consultoraprisma.com,benigno
Induccion para nuevos colaboradores - la proxima semana,"Hola a todos, nos da mucho gusto anunciar la incorporacion de Paula a nuestro equipo de seguridad informatica. La induccion sera el el viernes por la tarde. Les pedimos darle una calida bienvenida.",comunicaciones@corporativosureste.com,benigno
Tu opinion es importante - encuesta de clima laboral,"Hola equipo, los invitamos a participar en la encuesta interna sobre clima laboral. Sus respuestas son anonimas y nos ayudan a mejorar continuamente. La encuesta estara disponible hasta el el 20 de este mes.",comunicaciones@consultoraprisma.com,benigno
Ticket #7427 actualizado por el area de soporte,"Estimado usuario, su ticket #6520 relacionado con trabajo en equipo fue actualizado por el area de soporte interno. Puede revisar la respuesta completa ingresando al sistema de mesa de ayuda con su usuario habitual.",mesadeayuda@distribuidoracentral.com,benigno
"Bienvenida al equipo, Ricardo","Hola a todos, nos da mucho gusto anunciar la incorporacion de Ricardo a nuestro equipo de innovacion. La induccion sera el el 20 de este mes. Les pedimos darle una calida bienvenida.",comunicaciones@serviciosaltiplano.com,benigno
Excelente trabajo en la presentacion de ayer,"Hola Daniela, queria agradecerte por tu apoyo con el tema de onboarding esta semana. Tus comentarios fueron muy utiles para el equipo. Cualquier cosa que necesites de mi parte, avisame.",daniela.flores@logisticahorizonte.com,benigno
Tu compra fue despachada correctamente,"Hola Miguel, gracias por tu compra reciente. Tu pedido #2724 por ARS 291 fue procesado correctamente y sera entregado en un plazo de 3 a 5 dias habiles. Puedes revisar el estado de tu envio desde tu cuenta.",pedidos@grupoandina.com,benigno
Respuesta a tu consulta sobre onboarding,"Estimado usuario, su ticket #6223 relacionado con gestion de proyectos fue actualizado por el area de soporte interno. Puede revisar la respuesta completa ingresando al sistema de mesa de ayuda con su usuario habitual.",mesadeayuda@corporativosureste.com,benigno
Tu opinion es importante - encuesta de clima laboral,"Hola equipo, los invitamos a participar en la encuesta interna sobre innovacion. Sus respuestas son anonimas y nos ayudan a mejorar continuamente. La encuesta estara disponible hasta el el 20 de este mes.",comunicaciones@industriasmeridiano.com,benigno
Confirmacion de tu pedido #2267,"Hola Andres, gracias por tu compra reciente. Tu pedido #2986 por MXN 152 fue procesado correctamente y sera entregado en un plazo de 3 a 5 dias habiles. Puedes revisar el estado de tu envio desde tu cuenta.",pedidos@consultoraprisma.com,benigno
Gracias por tu ayuda con el informe,"Hola Carmen, queria agradecerte por tu apoyo con el tema de innovacion esta semana. Tus comentarios fueron muy utiles para el equipo. Cualquier cosa que necesites de mi parte, avisame.",carmen.diaz@tecnologiavertice.com,benigno
Nuevo beneficio de bienestar para colaboradores,"Estimado equipo, les informamos que a partir de este mes se actualizo la politica interna relacionada con onboarding. Pueden revisar el documento completo en la intranet corporativa. Cualquier duda, contactar al area de Recursos Humanos.",rrhh@serviciosaltiplano.com,benigno
Tu opinion es importante - encuesta de clima laboral,"Hola equipo, los invitamos a participar en la encuesta interna sobre seguridad informatica. Sus respuestas son anonimas y nos ayudan a mejorar continuamente. La encuesta estara disponible hasta el el viernes por la tarde.",comunicaciones@industriasmeridiano.com,benigno
Gracias por cubrir la reunion de seguridad informatica,"Hola Daniela, queria agradecerte por tu apoyo con el tema de sostenibilidad esta semana. Tus comentarios fueron muy utiles para el equipo. Cualquier cosa que necesites de mi parte, avisame.",daniela.flores@tecnologiavertice.com,benigno
Actividades programadas para el el 20 de este mes,"Estimado equipo, este mes celebramos el aniversario de la empresa con actividades para todos los colaboradores, incluyendo una charla sobre capacitacion continua el martes. Pronto compartiremos el cronograma completo con mas detalles.",comunicaciones@serviciosaltiplano.com,benigno
Te invitamos a la charla sobre seguridad informatica,"Estimado equipo, este mes celebramos el aniversario de la empresa con actividades para todos los colaboradores, incluyendo una charla sobre cierre de mes el lunes. Pronto compartiremos el cronograma completo con mas detalles.",comunicaciones@industriasmeridiano.com,benigno
Invitacion: celebracion de aniversario de la empresa,"Estimado equipo, este mes celebramos el aniversario de la empresa con actividades para todos los colaboradores, incluyendo una charla sobre trabajo en equipo el el viernes por la tarde. Pronto compartiremos el cronograma completo con mas detalles.",comunicaciones@industriasmeridiano.com,benigno
Recordatorio de pago - servicio contratado,"Estimado cliente, adjuntamos la factura electronica correspondiente a su servicio contratado por un monto de EUR 268. Puede consultar el detalle completo ingresando a su cuenta habitual en nuestro portal.",facturacion@industriasmeridiano.com,benigno
Gracias por tu ayuda con el informe,"Hola Carmen, queria agradecerte por tu apoyo con el tema de sostenibilidad esta semana. Tus comentarios fueron muy utiles para el equipo. Cualquier cosa que necesites de mi parte, avisame.",carmen.diaz@tecnologiavertice.com,benigno
Confirmacion de tu pedido #6782,"Hola Daniela, gracias por tu compra reciente. Tu pedido #2225 por COP 71 fue procesado correctamente y sera entregado en un plazo de 3 a 5 dias habiles. Puedes revisar el estado de tu envio desde tu cuenta.",pedidos@distribuidoracentral.com,benigno
Seguimiento de pendientes del proyecto innovacion,"Hola equipo, para la reunion del la proxima semana sobre innovacion necesitamos revisar los avances pendientes. Por favor confirmen su asistencia y traigan sus reportes actualizados. Nos vemos en la sala habitual.",daniela.flores@corporativosureste.com,benigno
Gracias por tu compra en nuestra tienda,"Hola Isabel, gracias por tu compra reciente. Tu pedido #3244 por EUR 744 fue procesado correctamente y sera entregado en un plazo de 3 a 5 dias habiles. Puedes revisar el estado de tu envio desde tu cuenta.",pedidos@grupoandina.com,benigno
Gracias por cubrir la reunion de atencion al cliente,"Hola Maria, queria agradecerte por tu apoyo con el tema de cierre de mes esta semana. Tus comentarios fueron muy utiles para el equipo. Cualquier cosa que necesites de mi parte, avisame.",maria.fernandez@serviciosaltiplano.com,benigno
Induccion para nuevos colaboradores - el 20 de este mes,"Hola a todos, nos da mucho gusto anunciar la incorporacion de Camila a nuestro equipo de capacitacion continua. La induccion sera el el viernes por la tarde. Les pedimos darle una calida bienvenida.",comunicaciones@consultoraprisma.com,benigno
Induccion para nuevos colaboradores - martes,"Hola a todos, nos da mucho gusto anunciar la incorporacion de Fernando a nuestro equipo de atencion al cliente. La induccion sera el la proxima semana. Les pedimos darle una calida bienvenida.",comunicaciones@corporativosureste.com,benigno
Coordinacion de la reunion de seguridad informatica - el viernes por la tarde,"Hola equipo, para la reunion del lunes sobre onboarding necesitamos revisar los avances pendientes. Por favor confirmen su asistencia y traigan sus reportes actualizados. Nos vemos en la sala habitual.",camila.reyes@distribuidoracentral.com,benigno
